,NAIP Entity ID,State,Agency,Vendor,Map Projection,Projection Zone,Datum,Resolution,Units,Number of Bands,Sensor Type,Project Name,Acquisition Date,Center Latitude,Center Longitude,NW Corner Lat,NW Corner Long,NE Corner Lat,NE Corner Long,SE Corner Lat,SE Corner Long,SW Corner Lat,SW Corner Long,Center Latitude dec,Center Longitude dec,NW Corner Lat dec,NW Corner Long dec,NE Corner Lat dec,NE Corner Long dec,SE Corner Lat dec,SE Corner Long dec,SW Corner Lat dec,SW Corner Long dec,Display ID,Entity ID
0,M_2608003_NE_17_060_20191215,FL,USDA,USDA_FSA_APFO,UTM,17N,NAD83,0.6,METER,4,CNIR,201911_FLORIDA_NAIP_0X6000M_UTM_CNIR,2019/12/15,"26°58'07.49""N","80°39'22.53""W","27°00'07.11""N","80°41'22.34""W","27°00'06.53""N","80°37'21.99""W","26°56'07.83""N","80°37'22.79""W","26°56'08.41""N","80°41'22.99""W",26.9687471,-80.6562583,27.001975,-80.6895388,27.001813800000004,-80.62277490000001,26.9355083,-80.62299709999999,26.935669399999995,-80.6897194,M_2608003_NE_17_060_20191215,2855534
1,M_2608003_NW_17_060_20191215,FL,USDA,USDA_FSA_APFO,UTM,17N,NAD83,0.6,METER,4,CNIR,201911_FLORIDA_NAIP_0X6000M_UTM_CNIR,2019/12/15,"26°58'07.50""N","80°43'07.47""W","27°00'06.97""N","80°45'07.24""W","27°00'06.50""N","80°41'07.10""W","26°56'07.99""N","80°41'07.77""W","26°56'08.47""N","80°45'07.76""W",26.968749900000002,-80.7187416,27.0019361,-80.75201109999999,27.0018055,-80.6853055,26.9355527,-80.68549159999999,26.935685999999997,-80.7521555,M_2608003_NW_17_060_20191215,2855535
2,M_2608004_NE_17_060_20191215,FL,USDA,USDA_FSA_APFO,UTM,17N,NAD83,0.6,METER,4,CNIR,201911_FLORIDA_NAIP_0X6000M_UTM_CNIR,2019/12/15,"26°58'07.46""N","80°31'52.55""W","27°00'07.29""N","80°33'52.33""W","27°00'06.49""N","80°29'51.77""W","26°56'07.60""N","80°29'52.83""W","26°56'08.40""N","80°33'53.25""W",26.968738800000004,-80.53126379999999,27.002025,-80.5645361,27.0018027,-80.49771379999999,26.935444399999994,-80.4980083,26.9356666,-80.56479159999999,M_2608004_NE_17_060_20191215,2855538
3,M_2608004_NW_17_060_20191215,FL,USDA,USDA_FSA_APFO,UTM,17N,NAD83,0.6,METER,4,CNIR,201911_FLORIDA_NAIP_0X6000M_UTM_CNIR,2019/12/15,"26°58'07.47""N","80°35'37.48""W","27°00'07.15""N","80°37'37.23""W","27°00'06.46""N","80°33'36.88""W","26°56'07.76""N","80°33'37.81""W","26°56'08.46""N","80°37'38.01""W",26.9687416,-80.5937444,27.001986100000003,-80.6270082,27.001794399999994,-80.5602444,26.935488800000005,-80.5605027,26.935683299999997,-80.6272249,M_2608004_NW_17_060_20191215,2855539
4,M_2608005_NE_17_060_20191215,FL,USDA,USDA_FSA_APFO,UTM,17N,NAD83,0.6,METER,4,CNIR,201911_FLORIDA_NAIP_0X6000M_UTM_CNIR,2019/12/15,"26°58'07.52""N","80°24'22.46""W","27°00'07.45""N","80°26'22.33""W","27°00'06.44""N","80°22'21.34""W","26°56'07.55""N","80°22'22.66""W","26°56'08.57""N","80°26'23.51""W",26.9687554,-80.4062388,27.002069399999996,-80.439536,27.001788800000003,-80.3725943,26.9354305,-80.372961,26.935713800000002,-80.4398638,M_2608005_NE_17_060_20191215,2855542
5,M_2608005_NW_17_060_20191215,FL,USDA,USDA_FSA_APFO,UTM,17N,NAD83,0.6,METER,4,CNIR,201911_FLORIDA_NAIP_0X6000M_UTM_CNIR,2019/12/15,"26°58'07.44""N","80°28'07.50""W","27°00'07.32""N","80°30'07.22""W","27°00'06.41""N","80°26'06.66""W","26°56'07.53""N","80°26'07.85""W","26°56'08.43""N","80°30'08.27""W",26.9687332,-80.4687499,27.002033299999997,-80.50200550000001,27.0017805,-80.43518329999999,26.9354249,-80.4355138,26.935674900000002,-80.5022972,M_2608005_NW_17_060_20191215,2855543
6,M_2608006_NE_17_060_20191215,FL,USDA,USDA_FSA_APFO,UTM,17N,NAD83,0.6,METER,4,CNIR,201911_FLORIDA_NAIP_0X6000M_UTM_CNIR,2019/12/15,"26°58'07.57""N","80°16'52.49""W","27°00'07.80""N","80°18'52.33""W","27°00'06.57""N","80°14'51.13""W","26°56'07.30""N","80°14'52.72""W","26°56'08.53""N","80°18'53.78""W",26.9687693,-80.28124709999999,27.002166600000002,-80.3145361,27.001825,-80.247536,26.935361,-80.2479777,26.9357027,-80.3149388,M_2608006_NE_17_060_20191215,2855546
7,M_2608006_NW_17_060_20191215,FL,USDA,USDA_FSA_APFO,UTM,17N,NAD83,0.6,METER,4,CNIR,201911_FLORIDA_NAIP_0X6000M_UTM_CNIR,2019/12/15,"26°58'07.59""N","80°20'37.42""W","27°00'07.68""N","80°22'37.22""W","27°00'06.55""N","80°18'36.23""W","26°56'07.48""N","80°18'37.69""W","26°56'08.60""N","80°22'38.54""W",26.9687749,-80.3437277,27.002133299999997,-80.3770054,27.001819399999995,-80.3100638,26.935411,-80.3104694,26.935722100000003,-80.37737209999999,M_2608006_NW_17_060_20191215,2855547
8,M_2708003_NE_17_060_20191215,FL,USDA,USDA_FSA_APFO,UTM,17N,NAD83,0.6,METER,4,CNIR,201911_FLORIDA_NAIP_0X6000M_UTM_CNIR,2019/12/15,"27°58'07.53""N","80°39'22.40""W","28°00'07.05""N","80°41'22.30""W","28°00'06.44""N","80°37'21.74""W","27°56'07.98""N","80°37'22.57""W","27°56'08.58""N","80°41'22.98""W",27.9687582,-80.6562222,28.0019583,-80.6895277,28.001788800000003,-80.6227054,27.9355499,-80.622936,27.935716600000003,-80.6897166,M_2708003_NE_17_060_20191215,2856074
9,M_2708003_NW_17_060_20191215,FL,USDA,USDA_FSA_APFO,UTM,17N,NAD83,0.6,METER,4,CNIR,201911_FLORIDA_NAIP_0X6000M_UTM_CNIR,2019/12/15,"27°58'07.45""N","80°43'07.40""W","28°00'06.92""N","80°45'07.26""W","28°00'06.43""N","80°41'06.92""W","27°56'07.96""N","80°41'07.61""W","27°56'08.45""N","80°45'07.80""W",27.968736,-80.7187221,28.0019222,-80.75201659999999,28.001786100000004,-80.68525550000001,27.935544399999998,-80.68544709999999,27.9356805,-80.7521666,M_2708003_NW_17_060_20191215,2856075
10,M_2708003_SE_17_060_20191215,FL,USDA,USDA_FSA_APFO,UTM,17N,NAD83,0.6,METER,4,CNIR,201911_FLORIDA_NAIP_0X6000M_UTM_CNIR,2019/12/15,"27°54'22.51""N","80°39'22.45""W","27°56'22.03""N","80°41'22.28""W","27°56'21.43""N","80°37'21.87""W","27°52'22.96""N","80°37'22.69""W","27°52'23.56""N","80°41'22.96""W",27.9062527,-80.65623609999999,27.9394527,-80.68952209999999,27.939286,-80.6227416,27.873044300000004,-80.6229693,27.873210999999998,-80.689711,M_2708003_SE_17_060_20191215,2856076
11,M_2708003_SW_17_060_20191215,FL,USDA,USDA_FSA_APFO,UTM,17N,NAD83,0.6,METER,4,CNIR,201911_FLORIDA_NAIP_0X6000M_UTM_CNIR,2019/12/15,"27°54'22.53""N","80°43'07.43""W","27°56'22.09""N","80°45'07.33""W","27°56'21.60""N","80°41'06.92""W","27°52'22.94""N","80°41'07.61""W","27°52'23.43""N","80°45'07.88""W",27.906258299999998,-80.7187304,27.939469399999997,-80.7520361,27.939333299999998,-80.68525550000001,27.873038800000003,-80.68544709999999,27.873174900000002,-80.7521888,M_2708003_SW_17_060_20191215,2856077
12,M_2708004_NE_17_060_20191215,FL,USDA,USDA_FSA_APFO,UTM,17N,NAD83,0.6,METER,4,CNIR,201911_FLORIDA_NAIP_0X6000M_UTM_CNIR,2019/12/15,"27°58'07.56""N","80°31'52.51""W","28°00'07.39""N","80°33'52.38""W","28°00'06.56""N","80°29'51.61""W","27°56'07.71""N","80°29'52.71""W","27°56'08.53""N","80°33'53.34""W",27.968766600000002,-80.5312527,28.0020527,-80.56455,28.0018222,-80.4976694,27.935474900000003,-80.4979749,27.9357027,-80.5648166,M_2708004_NE_17_060_20191215,2856078
13,M_2708004_NW_17_060_20191215,FL,USDA,USDA_FSA_APFO,UTM,17N,NAD83,0.6,METER,4,CNIR,201911_FLORIDA_NAIP_0X6000M_UTM_CNIR,2019/12/15,"27°58'07.50""N","80°35'37.51""W","28°00'07.27""N","80°37'37.34""W","28°00'06.56""N","80°33'36.78""W","27°56'07.70""N","80°33'37.75""W","27°56'08.41""N","80°37'38.16""W",27.968749900000002,-80.5937527,28.002019399999995,-80.6270388,28.0018222,-80.56021659999999,27.935472100000002,-80.56048609999999,27.935669399999995,-80.6272666,M_2708004_NW_17_060_20191215,2856079
14,M_2708004_SE_17_060_20191215,FL,USDA,USDA_FSA_APFO,UTM,17N,NAD83,0.6,METER,4,CNIR,201911_FLORIDA_NAIP_0X6000M_UTM_CNIR,2019/12/15,"27°54'22.55""N","80°31'52.49""W","27°56'22.37""N","80°33'52.40""W","27°56'21.55""N","80°29'51.55""W","27°52'22.69""N","80°29'52.65""W","27°52'23.51""N","80°33'53.36""W",27.906263800000005,-80.53124709999999,27.939547100000002,-80.56455550000001,27.939319399999995,-80.4976527,27.8729693,-80.4979583,27.873197100000002,-80.56482220000001,M_2708004_SE_17_060_20191215,2856080
15,M_2708004_SW_17_060_20191215,FL,USDA,USDA_FSA_APFO,UTM,17N,NAD83,0.6,METER,4,CNIR,201911_FLORIDA_NAIP_0X6000M_UTM_CNIR,2019/12/15,"27°54'22.58""N","80°35'37.47""W","27°56'22.25""N","80°37'37.23""W","27°56'21.54""N","80°33'36.82""W","27°52'22.88""N","80°33'37.78""W","27°52'23.58""N","80°37'38.05""W",27.9062722,-80.5937416,27.939513800000004,-80.6270082,27.9393166,-80.5602277,27.873022100000004,-80.5604944,27.873216600000003,-80.627236,M_2708004_SW_17_060_20191215,2856081
16,M_2708005_NW_17_060_20191215,FL,USDA,USDA_FSA_APFO,UTM,17N,NAD83,0.6,METER,4,CNIR,201911_FLORIDA_NAIP_0X6000M_UTM_CNIR,2019/12/15,"27°58'07.52""N","80°28'07.51""W","28°00'07.40""N","80°30'07.42""W","28°00'06.47""N","80°26'06.43""W","27°56'07.62""N","80°26'07.68""W","27°56'08.55""N","80°30'08.52""W",27.9687554,-80.4687527,28.0020555,-80.50206109999999,28.001797200000002,-80.4351194,27.935449900000002,-80.4354666,27.935708299999998,-80.5023666,M_2708005_NW_17_060_20191215,2856082
17,M_2708005_SW_17_060_20191215,FL,USDA,USDA_FSA_APFO,UTM,17N,NAD83,0.6,METER,4,CNIR,201911_FLORIDA_NAIP_0X6000M_UTM_CNIR,2019/12/15,"27°54'22.51""N","80°28'07.51""W","27°56'22.39""N","80°30'07.36""W","27°56'21.46""N","80°26'06.51""W","27°52'22.60""N","80°26'07.75""W","27°52'23.53""N","80°30'08.45""W",27.9062527,-80.4687527,27.9395527,-80.5020444,27.939294399999994,-80.4351416,27.872944300000004,-80.435486,27.8732027,-80.5023472,M_2708005_SW_17_060_20191215,2856083
18,M_2708011_NE_17_060_20191215,FL,USDA,USDA_FSA_APFO,UTM,17N,NAD83,0.6,METER,4,CNIR,201911_FLORIDA_NAIP_0X6000M_UTM_CNIR,2019/12/15,"27°50'37.58""N","80°39'22.39""W","27°52'37.20""N","80°41'22.27""W","27°52'36.60""N","80°37'21.77""W","27°48'37.94""N","80°37'22.59""W","27°48'38.53""N","80°41'22.95""W",27.843772100000002,-80.6562194,27.8769999,-80.6895194,27.8768332,-80.62271379999999,27.810538800000003,-80.62294159999999,27.8107027,-80.68970829999999,M_2708011_NE_17_060_20191215,2856092
19,M_2708011_NW_17_060_20191215,FL,USDA,USDA_FSA_APFO,UTM,17N,NAD83,0.6,METER,4,CNIR,201911_FLORIDA_NAIP_0X6000M_UTM_CNIR,2019/12/15,"27°50'37.51""N","80°43'07.47""W","27°52'37.08""N","80°45'07.41""W","27°52'36.58""N","80°41'06.91""W","27°48'37.92""N","80°41'07.60""W","27°48'38.40""N","80°45'07.95""W",27.8437527,-80.7187416,27.876966600000003,-80.7520583,27.8768277,-80.6852527,27.8105333,-80.68544440000001,27.8106666,-80.75220829999999,M_2708011_NW_17_060_20191215,2856093
20,M_2708011_SE_17_060_20191215,FL,USDA,USDA_FSA_APFO,UTM,17N,NAD83,0.6,METER,4,CNIR,201911_FLORIDA_NAIP_0X6000M_UTM_CNIR,2019/12/15,"27°46'52.56""N","80°39'22.44""W","27°48'52.18""N","80°41'22.25""W","27°48'51.58""N","80°37'21.89""W","27°44'52.91""N","80°37'22.71""W","27°44'53.51""N","80°41'22.93""W",27.781266600000002,-80.6562333,27.814494399999997,-80.68951379999999,27.8143277,-80.62274709999998,27.7480305,-80.6229749,27.748197100000002,-80.6897027,M_2708011_SE_17_060_20191215,2856094
21,M_2708011_SW_17_060_20191215,FL,USDA,USDA_FSA_APFO,UTM,17N,NAD83,0.6,METER,4,CNIR,201911_FLORIDA_NAIP_0X6000M_UTM_CNIR,2019/12/15,"27°46'52.58""N","80°43'07.39""W","27°48'52.05""N","80°45'07.26""W","27°48'51.56""N","80°41'06.90""W","27°44'53.09""N","80°41'07.59""W","27°44'53.58""N","80°45'07.80""W",27.781272100000002,-80.7187193,27.8144583,-80.75201659999999,27.8143222,-80.6852499,27.7480805,-80.68544159999999,27.748216600000003,-80.7521666,M_2708011_SW_17_060_20191215,2856095
22,M_2708012_NE_17_060_20191215,FL,USDA,USDA_FSA_APFO,UTM,17N,NAD83,0.6,METER,4,CNIR,201911_FLORIDA_NAIP_0X6000M_UTM_CNIR,2019/12/15,"27°50'37.53""N","80°31'52.47""W","27°52'37.35""N","80°33'52.43""W","27°52'36.53""N","80°29'51.49""W","27°48'37.67""N","80°29'52.59""W","27°48'38.49""N","80°33'53.38""W",27.843758299999998,-80.5312416,27.877041600000002,-80.56456379999999,27.876813800000004,-80.497636,27.810463800000004,-80.49794159999999,27.810691600000002,-80.5648277,M_2708012_NE_17_060_20191215,2856096
23,M_2708012_NW_17_060_20191215,FL,USDA,USDA_FSA_APFO,UTM,17N,NAD83,0.6,METER,4,CNIR,201911_FLORIDA_NAIP_0X6000M_UTM_CNIR,2019/12/15,"27°50'37.56""N","80°35'37.43""W","27°52'37.23""N","80°37'37.35""W","27°52'36.52""N","80°33'36.63""W","27°48'37.86""N","80°33'37.59""W","27°48'38.56""N","80°37'38.16""W",27.843766600000002,-80.5937305,27.8770082,-80.6270416,27.876811,-80.560175,27.810516600000003,-80.56044159999999,27.810711100000002,-80.6272666,M_2708012_NW_17_060_20191215,2856097
24,M_2708012_SE_17_060_20191215,FL,USDA,USDA_FSA_APFO,UTM,17N,NAD83,0.6,METER,4,CNIR,201911_FLORIDA_NAIP_0X6000M_UTM_CNIR,2019/12/15,"27°46'52.51""N","80°31'52.45""W","27°48'52.33""N","80°33'52.23""W","27°48'51.52""N","80°29'51.65""W","27°44'52.65""N","80°29'52.75""W","27°44'53.47""N","80°33'53.18""W",27.7812527,-80.53123599999999,27.814536100000005,-80.5645083,27.814311100000005,-80.4976805,27.747958299999997,-80.497986,27.748185999999997,-80.56477220000001,M_2708012_SE_17_060_20191215,2856098
25,M_2708012_SW_17_060_20191215,FL,USDA,USDA_FSA_APFO,UTM,17N,NAD83,0.6,METER,4,CNIR,201911_FLORIDA_NAIP_0X6000M_UTM_CNIR,2019/12/15,"27°46'52.54""N","80°35'37.39""W","27°48'52.21""N","80°37'37.24""W","27°48'51.50""N","80°33'36.66""W","27°44'52.84""N","80°33'37.62""W","27°44'53.54""N","80°37'38.05""W",27.781260999999997,-80.5937194,27.8145027,-80.627011,27.8143055,-80.56018329999999,27.748010999999998,-80.56045,27.7482055,-80.627236,M_2708012_SW_17_060_20191215,2856099
26,M_2708013_NE_17_060_20191215,FL,USDA,USDA_FSA_APFO,UTM,17N,NAD83,0.6,METER,4,CNIR,201911_FLORIDA_NAIP_0X6000M_UTM_CNIR,2019/12/15,"27°50'37.45""N","80°24'22.45""W","27°52'37.48""N","80°26'22.37""W","27°52'36.44""N","80°22'21.22""W","27°48'37.40""N","80°22'22.60""W","27°48'38.43""N","80°26'23.60""W",27.843736,-80.40623609999999,27.8770777,-80.43954709999998,27.876788800000003,-80.372561,27.810388800000002,-80.3729443,27.810675,-80.43988879999999,M_2708013_NE_17_060_20191215,2856100
27,M_2708013_NW_17_060_20191215,FL,USDA,USDA_FSA_APFO,UTM,17N,NAD83,0.6,METER,4,CNIR,201911_FLORIDA_NAIP_0X6000M_UTM_CNIR,2019/12/15,"27°50'37.49""N","80°28'07.41""W","27°52'37.37""N","80°30'07.29""W","27°52'36.44""N","80°26'06.36""W","27°48'37.59""N","80°26'07.60""W","27°48'38.51""N","80°30'08.38""W",27.8437471,-80.46872490000001,27.877047100000002,-80.502025,27.876788800000003,-80.43509990000001,27.810441600000004,-80.43544440000001,27.8106972,-80.5023277,M_2708013_NW_17_060_20191215,2856101
28,M_2708013_SE_17_060_20191215,FL,USDA,USDA_FSA_APFO,UTM,17N,NAD83,0.6,METER,4,CNIR,201911_FLORIDA_NAIP_0X6000M_UTM_CNIR,2019/12/15,"27°46'52.44""N","80°24'22.47""W","27°48'52.46""N","80°26'22.21""W","27°48'51.43""N","80°22'21.42""W","27°44'52.38""N","80°22'22.79""W","27°44'53.41""N","80°26'23.44""W",27.7812332,-80.4062416,27.8145722,-80.4395027,27.814286100000004,-80.3726166,27.747883299999998,-80.37299709999999,27.748169399999995,-80.4398444,M_2708013_SE_17_060_20191215,2856102
29,M_2708013_SW_17_060_20191215,FL,USDA,USDA_FSA_APFO,UTM,17N,NAD83,0.6,METER,4,CNIR,201911_FLORIDA_NAIP_0X6000M_UTM_CNIR,2019/12/15,"27°46'52.47""N","80°28'07.40""W","27°48'52.35""N","80°30'07.22""W","27°48'51.43""N","80°26'06.43""W","27°44'52.57""N","80°26'07.66""W","27°44'53.49""N","80°30'08.31""W",27.7812416,-80.4687221,27.814541600000002,-80.50200550000001,27.814286100000004,-80.4351194,27.747936,-80.435461,27.748191600000002,-80.5023083,M_2708013_SW_17_060_20191215,2856103
30,M_2708019_NE_17_060_20191215,FL,USDA,USDA_FSA_APFO,UTM,17N,NAD83,0.6,METER,4,CNIR,201911_FLORIDA_NAIP_0X6000M_UTM_CNIR,2019/12/15,"27°43'07.54""N","80°39'22.38""W","27°45'07.16""N","80°41'22.23""W","27°45'06.56""N","80°37'21.79""W","27°41'07.89""N","80°37'22.61""W","27°41'08.49""N","80°41'22.91""W",27.718760999999997,-80.6562166,27.751988800000003,-80.6895083,27.7518222,-80.6227193,27.6855249,-80.62294709999999,27.685691600000002,-80.68969709999999,M_2708019_NE_17_060_20191215,2856112
31,M_2708019_NW_17_060_20191215,FL,USDA,USDA_FSA_APFO,UTM,17N,NAD83,0.6,METER,4,CNIR,201911_FLORIDA_NAIP_0X6000M_UTM_CNIR,2019/12/15,"27°43'07.56""N","80°43'07.42""W","27°45'07.03""N","80°45'07.33""W","27°45'06.54""N","80°41'06.89""W","27°41'08.06""N","80°41'07.57""W","27°41'08.55""N","80°45'07.87""W",27.718766600000002,-80.7187277,27.7519527,-80.7520361,27.7518166,-80.68524709999998,27.6855721,-80.685436,27.685708299999998,-80.75218609999999,M_2708019_NW_17_060_20191215,2856113
32,M_2708019_SE_17_060_20191215,FL,USDA,USDA_FSA_APFO,UTM,17N,NAD83,0.6,METER,4,CNIR,201911_FLORIDA_NAIP_0X6000M_UTM_CNIR,2019/12/15,"27°39'22.51""N","80°39'22.43""W","27°41'22.13""N","80°41'22.21""W","27°41'21.54""N","80°37'21.91""W","27°37'22.86""N","80°37'22.72""W","27°37'23.46""N","80°41'22.88""W",27.6562527,-80.6562305,27.6894805,-80.6895027,27.6893166,-80.6227527,27.623016600000003,-80.6229777,27.6231832,-80.6896888,M_2708019_SE_17_060_20191215,2856114
33,M_2708019_SW_17_060_20191215,FL,USDA,USDA_FSA_APFO,UTM,17N,NAD83,0.6,METER,4,CNIR,201911_FLORIDA_NAIP_0X6000M_UTM_CNIR,2019/12/15,"27°39'22.53""N","80°43'07.56""W","27°41'22""N","80°45'07.40""W","27°41'21.52""N","80°41'07.10""W","27°37'23.03""N","80°41'07.78""W","27°37'23.52""N","80°45'07.94""W",27.656258299999998,-80.7187666,27.689444399999996,-80.75205550000001,27.689311,-80.6853055,27.623063800000004,-80.6854944,27.6231999,-80.7522055,M_2708019_SW_17_060_20191215,2856115
34,M_2708020_NE_17_060_20191215,FL,USDA,USDA_FSA_APFO,UTM,17N,NAD83,0.6,METER,4,CNIR,201911_FLORIDA_NAIP_0X6000M_UTM_CNIR,2019/12/15,"27°43'07.49""N","80°31'52.43""W","27°45'07.31""N","80°33'52.25""W","27°45'06.50""N","80°29'51.59""W","27°41'07.63""N","80°29'52.68""W","27°41'08.45""N","80°33'53.20""W",27.7187471,-80.5312304,27.7520305,-80.56451379999999,27.7518055,-80.4976638,27.6854527,-80.4979666,27.6856805,-80.5647777,M_2708020_NE_17_060_20191215,2856116
35,M_2708020_NW_17_060_20191215,FL,USDA,USDA_FSA_APFO,UTM,17N,NAD83,0.6,METER,4,CNIR,201911_FLORIDA_NAIP_0X6000M_UTM_CNIR,2019/12/15,"27°43'07.51""N","80°35'37.46""W","27°45'07.19""N","80°37'37.35""W","27°45'06.48""N","80°33'36.69""W","27°41'07.81""N","80°33'37.65""W","27°41'08.52""N","80°37'38.16""W",27.7187527,-80.5937388,27.7519972,-80.6270416,27.7518,-80.5601916,27.6855027,-80.5604583,27.6856999,-80.6272666,M_2708020_NW_17_060_20191215,2856117
36,M_2708020_SE_17_060_20191215,FL,USDA,USDA_FSA_APFO,UTM,17N,NAD83,0.6,METER,4,CNIR,201911_FLORIDA_NAIP_0X6000M_UTM_CNIR,2019/12/15,"27°39'22.46""N","80°31'52.41""W","27°41'22.29""N","80°33'52.27""W","27°41'21.47""N","80°29'51.53""W","27°37'22.61""N","80°29'52.62""W","27°37'23.42""N","80°33'53.21""W",27.656238800000004,-80.53122490000001,27.689524900000002,-80.5645194,27.6892971,-80.4976471,27.6229471,-80.49794990000001,27.6231721,-80.56478050000001,M_2708020_SE_17_060_20191215,2856118
37,M_2708020_SW_17_060_20191215,FL,USDA,USDA_FSA_APFO,UTM,17N,NAD83,0.6,METER,4,CNIR,201911_FLORIDA_NAIP_0X6000M_UTM_CNIR,2019/12/15,"27°39'22.49""N","80°35'37.42""W","27°41'22.16""N","80°37'37.24""W","27°41'21.46""N","80°33'36.72""W","27°37'22.79""N","80°33'37.67""W","27°37'23.49""N","80°37'38.05""W",27.6562472,-80.5937277,27.689488800000003,-80.627011,27.689294399999994,-80.5602,27.622997100000003,-80.5604638,27.623191600000002,-80.627236,M_2708020_SW_17_060_20191215,2856119
38,M_2708021_NE_17_060_20191215,FL,USDA,USDA_FSA_APFO,UTM,17N,NAD83,0.6,METER,4,CNIR,201911_FLORIDA_NAIP_0X6000M_UTM_CNIR,2019/12/15,"27°43'07.51""N","80°24'22.48""W","27°45'07.45""N","80°26'22.27""W","27°45'06.41""N","80°22'21.40""W","27°41'07.55""N","80°22'22.76""W","27°41'08.59""N","80°26'23.49""W",27.7187527,-80.4062444,27.752069399999996,-80.4395194,27.7517805,-80.37261099999999,27.6854305,-80.37298879999999,27.685719399999996,-80.4398583,M_2708021_NE_17_060_20191215,2856120
39,M_2708021_NW_17_060_20191215,FL,USDA,USDA_FSA_APFO,UTM,17N,NAD83,0.6,METER,4,CNIR,201911_FLORIDA_NAIP_0X6000M_UTM_CNIR,2019/12/15,"27°43'07.45""N","80°28'07.51""W","27°45'07.33""N","80°30'07.37""W","27°45'06.41""N","80°26'06.49""W","27°41'07.55""N","80°26'07.72""W","27°41'08.47""N","80°30'08.45""W",27.718736,-80.4687527,27.752036100000005,-80.5020472,27.7517805,-80.435136,27.6854305,-80.4354777,27.685685999999997,-80.5023472,M_2708021_NW_17_060_20191215,2856121
40,M_2708021_SE_17_060_20191215,FL,USDA,USDA_FSA_APFO,UTM,17N,NAD83,0.6,METER,4,CNIR,201911_FLORIDA_NAIP_0X6000M_UTM_CNIR,2019/12/15,"27°39'22.59""N","80°24'22.49""W","27°41'22.62""N","80°26'22.32""W","27°41'21.59""N","80°22'21.37""W","27°37'22.53""N","80°22'22.73""W","27°37'23.56""N","80°26'23.54""W",27.656275,-80.40624720000001,27.689616600000004,-80.4395333,27.6893305,-80.3726027,27.6229249,-80.3729804,27.623210999999998,-80.43987209999999,M_2708021_SE_17_060_20191215,2856122
41,M_2708021_SW_17_060_20191215,FL,USDA,USDA_FSA_APFO,UTM,17N,NAD83,0.6,METER,4,CNIR,201911_FLORIDA_NAIP_0X6000M_UTM_CNIR,2019/12/15,"27°39'22.53""N","80°28'07.50""W","27°41'22.50""N","80°30'07.29""W","27°41'21.58""N","80°26'06.56""W","27°37'22.52""N","80°26'07.78""W","27°37'23.44""N","80°30'08.38""W",27.656258299999998,-80.4687499,27.6895833,-80.502025,27.6893277,-80.43515550000001,27.6229221,-80.4354944,27.6231777,-80.5023277,M_2708021_SW_17_060_20191215,2856123
42,M_2708022_NW_17_060_20191215,FL,USDA,USDA_FSA_APFO,UTM,17N,NAD83,0.6,METER,4,CNIR,201911_FLORIDA_NAIP_0X6000M_UTM_CNIR,2019/12/15,"27°43'07.57""N","80°20'37.56""W","27°45'07.65""N","80°22'37.39""W","27°45'06.51""N","80°18'36.30""W","27°41'07.46""N","80°18'37.81""W","27°41'08.60""N","80°22'38.75""W",27.7187693,-80.3437666,27.752125,-80.37705270000001,27.751808299999997,-80.3100833,27.685405499999998,-80.3105027,27.685722100000003,-80.3774304,M_2708022_NW_17_060_20191215,2856124
43,M_2708022_SW_17_060_20191215,FL,USDA,USDA_FSA_APFO,UTM,17N,NAD83,0.6,METER,4,CNIR,201911_FLORIDA_NAIP_0X6000M_UTM_CNIR,2019/12/15,"27°39'22.55""N","80°20'37.48""W","27°41'22.63""N","80°22'37.35""W","27°41'21.49""N","80°18'36.19""W","27°37'22.44""N","80°18'37.69""W","27°37'23.58""N","80°22'38.71""W",27.656263800000005,-80.3437444,27.689619399999994,-80.3770416,27.6893027,-80.3100527,27.6228999,-80.3104694,27.623216600000003,-80.3774193,M_2708022_SW_17_060_20191215,2856125
44,M_2708027_NE_17_060_20191215,FL,USDA,USDA_FSA_APFO,UTM,17N,NAD83,0.6,METER,4,CNIR,201911_FLORIDA_NAIP_0X6000M_UTM_CNIR,2019/12/15,"27°35'37.49""N","80°39'22.48""W","27°37'37.11""N","80°41'22.41""W","27°37'36.51""N","80°37'21.80""W","27°33'37.83""N","80°37'22.62""W","27°33'38.43""N","80°41'23.08""W",27.5937471,-80.6562444,27.6269749,-80.6895583,27.6268082,-80.62272209999999,27.5605083,-80.62294990000001,27.560675,-80.6897444,M_2708027_NE_17_060_20191215,2856134
45,M_2708027_NW_17_060_20191215,FL,USDA,USDA_FSA_APFO,UTM,17N,NAD83,0.6,METER,4,CNIR,201911_FLORIDA_NAIP_0X6000M_UTM_CNIR,2019/12/15,"27°35'37.50""N","80°43'07.47""W","27°37'36.98""N","80°45'07.25""W","27°37'36.49""N","80°41'07.08""W","27°33'38.01""N","80°41'07.77""W","27°33'38.49""N","80°45'07.79""W",27.593749900000002,-80.7187416,27.626938800000005,-80.75201379999999,27.6268027,-80.6852999,27.560558299999997,-80.68549159999999,27.560691600000002,-80.75216379999999,M_2708027_NW_17_060_20191215,2856135
46,M_2708027_SE_17_060_20191215,FL,USDA,USDA_FSA_APFO,UTM,17N,NAD83,0.6,METER,4,CNIR,201911_FLORIDA_NAIP_0X6000M_UTM_CNIR,2019/12/15,"27°31'52.46""N","80°39'22.52""W","27°33'52.08""N","80°41'22.39""W","27°33'51.48""N","80°37'21.92""W","27°29'52.80""N","80°37'22.73""W","27°29'53.40""N","80°41'23.06""W",27.531238800000004,-80.6562555,27.564466600000003,-80.68955270000001,27.5643,-80.6227554,27.4979999,-80.6229804,27.4981666,-80.68973879999999,M_2708027_SE_17_060_20191215,2856136
47,M_2708027_SW_17_060_20191215,FL,USDA,USDA_FSA_APFO,UTM,17N,NAD83,0.6,METER,4,CNIR,201911_FLORIDA_NAIP_0X6000M_UTM_CNIR,2019/12/15,"27°31'52.47""N","80°43'07.50""W","27°33'51.95""N","80°45'07.32""W","27°33'51.46""N","80°41'07.07""W","27°29'52.97""N","80°41'07.75""W","27°29'53.46""N","80°45'07.86""W",27.5312416,-80.7187499,27.5644305,-80.7520333,27.564294399999994,-80.68529709999999,27.4980471,-80.685486,27.498183299999997,-80.7521833,M_2708027_SW_17_060_20191215,2856137
48,M_2708028_NE_17_060_20191215,FL,USDA,USDA_FSA_APFO,UTM,17N,NAD83,0.6,METER,4,CNIR,201911_FLORIDA_NAIP_0X6000M_UTM_CNIR,2019/12/15,"27°35'37.53""N","80°31'52.49""W","27°37'37.26""N","80°33'52.28""W","27°37'36.45""N","80°29'51.68""W","27°33'37.78""N","80°29'52.77""W","27°33'38.59""N","80°33'53.22""W",27.593758299999998,-80.53124709999999,27.6270166,-80.56452220000001,27.626791600000004,-80.49768879999999,27.560494399999996,-80.49799159999999,27.560719399999996,-80.5647833,M_2708028_NE_17_060_20191215,2856138
49,M_2708028_NW_17_060_20191215,FL,USDA,USDA_FSA_APFO,UTM,17N,NAD83,0.6,METER,4,CNIR,201911_FLORIDA_NAIP_0X6000M_UTM_CNIR,2019/12/15,"27°35'37.46""N","80°35'37.48""W","27°37'37.14""N","80°37'37.34""W","27°37'36.43""N","80°33'36.74""W","27°33'37.76""N","80°33'37.69""W","27°33'38.46""N","80°37'38.15""W",27.593738800000004,-80.5937444,27.626983199999998,-80.6270388,27.626786,-80.56020550000001,27.560488800000005,-80.5604694,27.560683299999997,-80.6272638,M_2708028_NW_17_060_20191215,2856139
50,M_3511801_NE_11_060_20200805,CA,USDA,USDA-FSA-APFO,UTM,11N,NAD83,0.6,METER,4,CNIR,202004_CALIFORNIA_NAIP_0X6000M_UTM_CNIR,2020/08/05,"35°58'07.46""N","118°54'22.64""W","36°00'06.26""N","118°56'28.79""W","36°00'10.18""N","118°52'22.31""W","35°56'08.63""N","118°52'16.60""W","35°56'04.72""N","118°56'22.87""W",35.9687388,-118.9062888,36.0017388,-118.94133049999999,36.0028277,-118.8728638,35.9357305,-118.8712777,35.934644399999996,-118.93968600000001,M_3511801_NE_11_060_20200805,2994228
51,M_3511801_SE_11_060_20200805,CA,USDA,USDA-FSA-APFO,UTM,11N,NAD83,0.6,METER,4,CNIR,202004_CALIFORNIA_NAIP_0X6000M_UTM_CNIR,2020/08/05,"35°54'22.57""N","118°54'22.51""W","35°56'21.37""N","118°56'28.55""W","35°56'25.28""N","118°52'22.26""W","35°52'23.73""N","118°52'16.57""W","35°52'19.83""N","118°56'22.65""W",35.9062694,-118.9062527,35.93926939999999,-118.9412638,35.9403555,-118.8728499,35.8732582,-118.8712693,35.872174900000005,-118.93962490000001,M_3511801_SE_11_060_20200805,2993974
52,M_3610506_NW_13_060_20200708,NM,USDA,USDA-FSA-APFO,UTM,13N,NAD83,0.6,METER,4,CNIR,202005_NEW_MEXICO_NAIP_0X6000M_UTM_CNIR,2020/07/08,"36°58'07.47""N","105°20'37.54""W","37°00'06.46""N","105°22'39.33""W","37°00'07.16""N","105°18'36.81""W","36°56'08.45""N","105°18'35.84""W","36°56'07.75""N","105°22'38.16""W",36.9687416,-105.34376100000001,37.001794399999994,-105.3775916,37.0019888,-105.310225,36.9356805,-105.30995549999999,36.935486,-105.3772666,M_3610506_NW_13_060_20200708,2957375
53,M_3610506_SW_13_060_20200708,NM,USDA,USDA-FSA-APFO,UTM,13N,NAD83,0.6,METER,4,CNIR,202005_NEW_MEXICO_NAIP_0X6000M_UTM_CNIR,2020/07/08,"36°54'22.58""N","105°20'37.50""W","36°56'21.57""N","105°22'39.19""W","36°56'22.27""N","105°18'36.87""W","36°52'23.55""N","105°18'35.91""W","36°52'22.85""N","105°22'38.02""W",36.906272200000004,-105.3437499,36.9393249,-105.3775527,36.939519399999995,-105.3102416,36.87320820000001,-105.309975,36.873013799999995,-105.3772277,M_3610506_SW_13_060_20200708,2957377
54,M_3610514_NW_13_060_20200708,NM,USDA,USDA-FSA-APFO,UTM,13N,NAD83,0.6,METER,4,CNIR,202005_NEW_MEXICO_NAIP_0X6000M_UTM_CNIR,2020/07/08,"36°50'37.49""N","105°20'37.58""W","36°52'36.48""N","105°22'39.30""W","36°52'37.18""N","105°18'36.93""W","36°48'38.46""N","105°18'35.97""W","36°48'37.76""N","105°22'38.12""W",36.8437471,-105.3437721,36.8767999,-105.37758319999999,36.8769943,-105.31025829999999,36.8106833,-105.3099916,36.810488799999995,-105.3772554,M_3610514_NW_13_060_20200708,2957407
55,M_3610514_SW_13_060_20200708,NM,USDA,USDA-FSA-APFO,UTM,13N,NAD83,0.6,METER,4,CNIR,202005_NEW_MEXICO_NAIP_0X6000M_UTM_CNIR,2020/07/08,"36°46'52.59""N","105°20'37.54""W","36°48'51.58""N","105°22'39.16""W","36°48'52.28""N","105°18'36.99""W","36°44'53.56""N","105°18'36.03""W","36°44'52.86""N","105°22'37.99""W",36.7812749,-105.34376100000001,36.8143277,-105.3775443,36.8145222,-105.310275,36.748211,-105.31000829999999,36.7480166,-105.3772193,M_3610514_SW_13_060_20200708,2957409
56,M_3610520_NE_13_060_20200708,NM,USDA,USDA-FSA-APFO,UTM,13N,NAD83,0.6,METER,4,CNIR,202005_NEW_MEXICO_NAIP_0X6000M_UTM_CNIR,2020/07/08,"36°43'07.54""N","105°31'52.57""W","36°45'06.54""N","105°33'54.86""W","36°45'07.62""N","105°29'51.93""W","36°41'08.51""N","105°29'50.38""W","36°41'07.43""N","105°33'53.11""W",36.718761,-105.53126929999999,36.751816600000005,-105.5652388,36.7521166,-105.49775829999999,36.6856971,-105.4973277,36.6853971,-105.5647527,M_3610520_NE_13_060_20200708,2957430
57,M_3610520_SE_13_060_20200708,NM,USDA,USDA-FSA-APFO,UTM,13N,NAD83,0.6,METER,4,CNIR,202005_NEW_MEXICO_NAIP_0X6000M_UTM_CNIR,2020/07/08,"36°39'22.55""N","105°31'52.47""W","36°41'21.44""N","105°33'54.66""W","36°41'22.53""N","105°29'51.93""W","36°37'23.61""N","105°29'50.39""W","36°37'22.53""N","105°33'52.92""W",36.6562638,-105.5312416,36.6892888,-105.56518329999999,36.6895916,-105.49775829999999,36.623224900000004,-105.49733049999999,36.6229249,-105.5647,M_3610520_SE_13_060_20200708,2957432
58,M_3610522_NW_13_060_20200708,NM,USDA,USDA-FSA-APFO,UTM,13N,NAD83,0.6,METER,4,CNIR,202005_NEW_MEXICO_NAIP_0X6000M_UTM_CNIR,2020/07/08,"36°43'07.49""N","105°20'37.51""W","36°45'06.49""N","105°22'39.27""W","36°45'07.19""N","105°18'36.81""W","36°41'08.46""N","105°18'35.85""W","36°41'07.77""N","105°22'38.10""W",36.7187471,-105.3437527,36.7518027,-105.37757490000001,36.7519972,-105.310225,36.6856833,-105.30995829999999,36.685491600000006,-105.37724990000001,M_3610522_NW_13_060_20200708,2957439
59,M_3610522_SE_13_060_20200708,NM,USDA,USDA-FSA-APFO,UTM,13N,NAD83,0.6,METER,4,CNIR,202005_NEW_MEXICO_NAIP_0X6000M_UTM_CNIR,2020/07/08,"36°39'22.50""N","105°16'52.59""W","36°41'21.46""N","105°18'54.04""W","36°41'22.03""N","105°14'52.01""W","36°37'23.50""N","105°14'51.25""W","36°37'22.93""N","105°18'53.06""W",36.65625,-105.28127490000001,36.689294399999994,-105.3150111,36.6894527,-105.24778049999999,36.623194299999994,-105.24756940000002,36.623036,-105.3147388,M_3610522_SE_13_060_20200708,2957440
60,M_3610522_SW_13_060_20200708,NM,USDA,USDA-FSA-APFO,UTM,13N,NAD83,0.6,METER,4,CNIR,202005_NEW_MEXICO_NAIP_0X6000M_UTM_CNIR,2020/07/08,"36°39'22.59""N","105°20'37.47""W","36°41'21.59""N","105°22'39.13""W","36°41'22.29""N","105°18'36.87""W","36°37'23.56""N","105°18'35.91""W","36°37'22.86""N","105°22'37.97""W",36.656275,-105.3437416,36.6893305,-105.377536,36.6895249,-105.3102416,36.623211,-105.309975,36.6230166,-105.3772138,M_3610522_SW_13_060_20200708,2957441
61,M_3610528_NE_13_060_20200708,NM,USDA,USDA-FSA-APFO,UTM,13N,NAD83,0.6,METER,4,CNIR,202005_NEW_MEXICO_NAIP_0X6000M_UTM_CNIR,2020/07/08,"36°35'37.55""N","105°31'52.50""W","36°37'36.54""N","105°33'54.71""W","36°37'37.63""N","105°29'51.93""W","36°33'38.51""N","105°29'50.39""W","36°33'37.43""N","105°33'52.97""W",36.5937638,-105.5312499,36.626816600000005,-105.5651972,36.6271193,-105.49775829999999,36.5606972,-105.49733049999999,36.560397200000004,-105.5647138,M_3610528_NE_13_060_20200708,2957462
62,M_3610528_SE_13_060_20200708,NM,USDA,USDA-FSA-APFO,UTM,13N,NAD83,0.6,METER,4,CNIR,202005_NEW_MEXICO_NAIP_0X6000M_UTM_CNIR,2020/07/08,"36°31'52.54""N","105°31'52.53""W","36°33'51.44""N","105°33'54.76""W","36°33'52.53""N","105°29'51.93""W","36°29'53.60""N","105°29'50.40""W","36°29'52.52""N","105°33'53.02""W",36.531261,-105.5312582,36.5642888,-105.5652111,36.5645916,-105.49775829999999,36.4982221,-105.49733329999998,36.497922100000004,-105.5647277,M_3610528_SE_13_060_20200708,2957464
63,M_3610529_NW_13_060_20200708,NM,USDA,USDA-FSA-APFO,UTM,13N,NAD83,0.6,METER,4,CNIR,202005_NEW_MEXICO_NAIP_0X6000M_UTM_CNIR,2020/07/08,"36°35'37.52""N","105°28'07.56""W","36°37'36.58""N","105°30'09.56""W","36°37'37.53""N","105°26'07.01""W","36°33'38.42""N","105°26'05.67""W","36°33'37.46""N","105°30'08.01""W",36.5937555,-105.4687666,36.6268277,-105.50265549999999,36.6270916,-105.43528049999999,36.5606722,-105.43490829999999,36.5604055,-105.502225,M_3610529_NW_13_060_20200708,2957467
64,M_3610529_SE_13_060_20200708,NM,USDA,USDA-FSA-APFO,UTM,13N,NAD83,0.6,METER,4,CNIR,202005_NEW_MEXICO_NAIP_0X6000M_UTM_CNIR,2020/07/08,"36°31'52.46""N","105°24'22.53""W","36°33'51.39""N","105°26'24.33""W","36°33'52.22""N","105°22'21.98""W","36°29'53.49""N","105°22'20.83""W","36°29'52.67""N","105°26'22.98""W",36.5312388,-105.40625829999999,36.564275,-105.4400916,36.5645055,-105.37277209999999,36.498191600000006,-105.3724527,36.4979638,-105.4397166,M_3610529_SE_13_060_20200708,2957468
65,M_3610529_SW_13_060_20200708,NM,USDA,USDA-FSA-APFO,UTM,13N,NAD83,0.6,METER,4,CNIR,202005_NEW_MEXICO_NAIP_0X6000M_UTM_CNIR,2020/07/08,"36°31'52.51""N","105°28'07.53""W","36°33'51.48""N","105°30'09.55""W","36°33'52.43""N","105°26'06.95""W","36°29'53.51""N","105°26'05.62""W","36°29'52.56""N","105°30'08""W",36.5312527,-105.4687582,36.5643,-105.5026527,36.564563799999995,-105.4352638,36.4981971,-105.43489440000002,36.4979333,-105.5022222,M_3610529_SW_13_060_20200708,2957469
66,M_3610530_NE_13_060_20200708,NM,USDA,USDA-FSA-APFO,UTM,13N,NAD83,0.6,METER,4,CNIR,202005_NEW_MEXICO_NAIP_0X6000M_UTM_CNIR,2020/07/08,"36°35'37.50""N","105°16'52.62""W","36°37'36.56""N","105°18'54.09""W","36°37'37.13""N","105°14'52.02""W","36°33'38.40""N","105°14'51.26""W","36°33'37.83""N","105°18'53.12""W",36.5937499,-105.28128319999999,36.626822100000005,-105.315025,36.6269804,-105.24778329999998,36.560666600000005,-105.24757209999999,36.560508299999995,-105.31475549999999,M_3610530_NE_13_060_20200708,2957470
67,M_3610530_NW_13_060_20200708,NM,USDA,USDA-FSA-APFO,UTM,13N,NAD83,0.6,METER,4,CNIR,202005_NEW_MEXICO_NAIP_0X6000M_UTM_CNIR,2020/07/08,"36°35'37.49""N","105°20'37.56""W","36°37'36.49""N","105°22'39.24""W","36°37'37.19""N","105°18'36.94""W","36°33'38.46""N","105°18'35.98""W","36°33'37.76""N","105°22'38.08""W",36.5937471,-105.3437666,36.6268027,-105.3775666,36.626997100000004,-105.3102611,36.5606833,-105.30999440000001,36.560488799999995,-105.3772443,M_3610530_NW_13_060_20200708,2957471
68,M_3610530_SW_13_060_20200708,NM,USDA,USDA-FSA-APFO,UTM,13N,NAD83,0.6,METER,4,CNIR,202005_NEW_MEXICO_NAIP_0X6000M_UTM_CNIR,2020/07/08,"36°31'52.58""N","105°20'37.53""W","36°33'51.58""N","105°22'39.11""W","36°33'52.28""N","105°18'37""W","36°29'53.55""N","105°18'36.05""W","36°29'52.85""N","105°22'37.95""W",36.5312721,-105.34375829999999,36.5643277,-105.3775304,36.5645222,-105.3102777,36.4982083,-105.31001380000001,36.498013799999995,-105.3772082,M_3610530_SW_13_060_20200708,2957473
69,M_3610531_SW_13_060_20200708,NM,USDA,USDA-FSA-APFO,UTM,13N,NAD83,0.6,METER,4,CNIR,202005_NEW_MEXICO_NAIP_0X6000M_UTM_CNIR,2020/07/08,"36°31'52.48""N","105°13'07.65""W","36°33'51.41""N","105°15'08.92""W","36°33'51.85""N","105°11'07.05""W","36°29'53.51""N","105°11'06.48""W","36°29'53.07""N","105°15'08.14""W",36.5312443,-105.2187916,36.5642805,-105.2524777,36.5644027,-105.1852916,36.4981971,-105.18513329999999,36.4980749,-105.2522611,M_3610531_SW_13_060_20200708,2957477
70,M_3610536_NE_13_060_20200708,NM,USDA,USDA-FSA-APFO,UTM,13N,NAD83,0.6,METER,4,CNIR,202005_NEW_MEXICO_NAIP_0X6000M_UTM_CNIR,2020/07/08,"36°28'07.54""N","105°31'52.56""W","36°30'06.54""N","105°33'54.81""W","36°30'07.62""N","105°29'51.94""W","36°26'08.50""N","105°29'50.41""W","36°26'07.42""N","105°33'53.08""W",36.468761,-105.5312666,36.501816600000005,-105.565225,36.5021166,-105.49776100000001,36.435694399999996,-105.497336,36.43539439999999,-105.56474440000001,M_3610536_NE_13_060_20200708,2957494
71,M_3610536_SE_13_060_20200708,NM,USDA,USDA-FSA-APFO,UTM,13N,NAD83,0.6,METER,4,CNIR,202005_NEW_MEXICO_NAIP_0X6000M_UTM_CNIR,2020/07/08,"36°24'22.53""N","105°31'52.47""W","36°26'21.43""N","105°33'54.62""W","36°26'22.51""N","105°29'51.94""W","36°22'23.59""N","105°29'50.42""W","36°22'22.51""N","105°33'52.90""W",36.4062583,-105.5312416,36.439285999999996,-105.5651722,36.439586,-105.49776100000001,36.373219299999995,-105.49733880000001,36.3729193,-105.56469440000001,M_3610536_SE_13_060_20200708,2957496
72,M_3610537_NE_13_060_20200708,NM,USDA,USDA-FSA-APFO,UTM,13N,NAD83,0.6,METER,4,CNIR,202005_NEW_MEXICO_NAIP_0X6000M_UTM_CNIR,2020/07/08,"36°28'07.55""N","105°24'22.56""W","36°30'06.49""N","105°26'24.50""W","36°30'07.31""N","105°22'21.86""W","36°26'08.58""N","105°22'20.72""W","36°26'07.76""N","105°26'23.15""W",36.4687638,-105.4062666,36.5018027,-105.4401388,36.5020305,-105.37273880000001,36.4357166,-105.3724221,36.435488799999995,-105.43976380000001,M_3610537_NE_13_060_20200708,2957498
73,M_3610537_NW_13_060_20200708,NM,USDA,USDA-FSA-APFO,UTM,13N,NAD83,0.6,METER,4,CNIR,202005_NEW_MEXICO_NAIP_0X6000M_UTM_CNIR,2020/07/08,"36°28'07.60""N","105°28'07.50""W","36°30'06.57""N","105°30'09.54""W","36°30'07.52""N","105°26'06.90""W","36°26'08.60""N","105°26'05.57""W","36°26'07.65""N","105°30'08""W",36.4687777,-105.4687499,36.501825,-105.50265,36.502088799999996,-105.4352499,36.4357221,-105.43488049999999,36.4354583,-105.5022222,M_3610537_NW_13_060_20200708,2957499
74,M_3610537_SE_13_060_20200708,NM,USDA,USDA-FSA-APFO,UTM,13N,NAD83,0.6,METER,4,CNIR,202005_NEW_MEXICO_NAIP_0X6000M_UTM_CNIR,2020/07/08,"36°24'22.54""N","105°24'22.59""W","36°26'21.58""N","105°26'24.44""W","36°26'22.40""N","105°22'21.99""W","36°22'23.47""N","105°22'20.85""W","36°22'22.65""N","105°26'23.09""W",36.4062611,-105.406275,36.4393277,-105.4401221,36.4395555,-105.37277490000001,36.373186,-105.3724582,36.37295820000001,-105.43974709999999,M_3610537_SE_13_060_20200708,2957500
75,M_3610537_SW_13_060_20200708,NM,USDA,USDA-FSA-APFO,UTM,13N,NAD83,0.6,METER,4,CNIR,202005_NEW_MEXICO_NAIP_0X6000M_UTM_CNIR,2020/07/08,"36°24'22.50""N","105°28'07.59""W","36°26'21.47""N","105°30'09.53""W","36°26'22.42""N","105°26'07.09""W","36°22'23.49""N","105°26'05.76""W","36°22'22.54""N","105°30'07.99""W",36.40625,-105.46877490000001,36.439297100000005,-105.50264720000001,36.439561,-105.4353027,36.373191600000006,-105.43493329999998,36.3729277,-105.50221940000002,M_3610537_SW_13_060_20200708,2957501
76,M_3610538_NE_13_060_20200708,NM,USDA,USDA-FSA-APFO,UTM,13N,NAD83,0.6,METER,4,CNIR,202005_NEW_MEXICO_NAIP_0X6000M_UTM_CNIR,2020/07/08,"36°28'07.58""N","105°16'52.56""W","36°30'06.55""N","105°18'53.95""W","36°30'07.12""N","105°14'52.03""W","36°26'08.58""N","105°14'51.27""W","36°26'08.01""N","105°18'52.98""W",36.4687721,-105.2812666,36.501819399999995,-105.3149861,36.5019777,-105.247786,36.4357166,-105.2475749,36.4355583,-105.3147166,M_3610538_NE_13_060_20200708,2957502
77,M_3610538_NW_13_060_20200708,NM,USDA,USDA-FSA-APFO,UTM,13N,NAD83,0.6,METER,4,CNIR,202005_NEW_MEXICO_NAIP_0X6000M_UTM_CNIR,2020/07/08,"36°28'07.48""N","105°20'37.62""W","36°30'06.48""N","105°22'39.23""W","36°30'07.18""N","105°18'37.07""W","36°26'08.44""N","105°18'36.12""W","36°26'07.75""N","105°22'38.07""W",36.4687443,-105.34378329999998,36.5018,-105.3775638,36.501994399999994,-105.31029720000001,36.4356777,-105.31003329999999,36.435486,-105.37724159999999,M_3610538_NW_13_060_20200708,2957503
78,M_3610538_SW_13_060_20200708,NM,USDA,USDA-FSA-APFO,UTM,13N,NAD83,0.6,METER,4,CNIR,202005_NEW_MEXICO_NAIP_0X6000M_UTM_CNIR,2020/07/08,"36°24'22.57""N","105°20'37.47""W","36°26'21.57""N","105°22'39.10""W","36°26'22.27""N","105°18'36.89""W","36°22'23.53""N","105°18'35.95""W","36°22'22.83""N","105°22'37.94""W",36.4062694,-105.3437416,36.4393249,-105.3775277,36.439519399999995,-105.3102472,36.3732027,-105.3099861,36.37300820000001,-105.3772054,M_3610538_SW_13_060_20200708,2957505
79,M_3610539_NW_13_060_20200708,NM,USDA,USDA-FSA-APFO,UTM,13N,NAD83,0.6,METER,4,CNIR,202005_NEW_MEXICO_NAIP_0X6000M_UTM_CNIR,2020/07/08,"36°28'07.47""N","105°13'07.62""W","36°30'06.50""N","105°15'08.91""W","36°30'06.94""N","105°11'06.99""W","36°26'08.40""N","105°11'06.42""W","36°26'07.96""N","105°15'08.14""W",36.4687416,-105.21878319999999,36.501805499999996,-105.252475,36.5019277,-105.18527490000001,36.435666600000005,-105.1851166,36.4355444,-105.2522611,M_3610539_NW_13_060_20200708,2957507
80,M_3610539_SW_13_060_20200708,NM,USDA,USDA-FSA-APFO,UTM,13N,NAD83,0.6,METER,4,CNIR,202005_NEW_MEXICO_NAIP_0X6000M_UTM_CNIR,2020/07/08,"36°24'22.56""N","105°13'07.59""W","36°26'21.59""N","105°15'08.91""W","36°26'22.03""N","105°11'06.94""W","36°22'23.49""N","105°11'06.37""W","36°22'23.05""N","105°15'08.13""W",36.4062666,-105.21877490000001,36.4393305,-105.252475,36.4394527,-105.18526100000001,36.373191600000006,-105.1851027,36.3730693,-105.25225829999998,M_3610539_SW_13_060_20200708,2957509
81,M_3610544_NE_13_060_20200708,NM,USDA,USDA-FSA-APFO,UTM,13N,NAD83,0.6,METER,4,CNIR,202005_NEW_MEXICO_NAIP_0X6000M_UTM_CNIR,2020/07/08,"36°20'37.52""N","105°31'52.51""W","36°22'36.52""N","105°33'54.68""W","36°22'37.60""N","105°29'51.95""W","36°18'38.48""N","105°29'50.43""W","36°18'37.40""N","105°33'52.95""W",36.3437555,-105.5312527,36.376811,-105.5651888,36.377111,-105.4977638,36.3106888,-105.4973416,36.3103888,-105.56470829999999,M_3610544_NE_13_060_20200708,2957526
82,M_3610544_SE_13_060_20200708,NM,USDA,USDA-FSA-APFO,UTM,13N,NAD83,0.6,METER,4,CNIR,202005_NEW_MEXICO_NAIP_0X6000M_UTM_CNIR,2020/07/08,"36°16'52.51""N","105°31'52.54""W","36°18'51.41""N","105°33'54.74""W","36°18'52.49""N","105°29'51.97""W","36°14'53.56""N","105°29'50.45""W","36°14'52.49""N","105°33'53.02""W",36.2812527,-105.53126100000001,36.3142805,-105.56520549999999,36.3145805,-105.49776940000001,36.248211,-105.49734709999998,36.2479138,-105.5647277,M_3610544_SE_13_060_20200708,2957528
83,M_3610545_NE_13_060_20200708,NM,USDA,USDA-FSA-APFO,UTM,13N,NAD83,0.6,METER,4,CNIR,202005_NEW_MEXICO_NAIP_0X6000M_UTM_CNIR,2020/07/08,"36°20'37.53""N","105°24'22.50""W","36°22'36.47""N","105°26'24.37""W","36°22'37.29""N","105°22'21.88""W","36°18'38.56""N","105°22'20.74""W","36°18'37.73""N","105°26'23.03""W",36.3437583,-105.40625,36.376797100000005,-105.4401027,36.3770249,-105.3727443,36.310711100000006,-105.3724277,36.3104805,-105.4397305,M_3610545_NE_13_060_20200708,2957530
84,M_3610545_NW_13_060_20200708,NM,USDA,USDA-FSA-APFO,UTM,13N,NAD83,0.6,METER,4,CNIR,202005_NEW_MEXICO_NAIP_0X6000M_UTM_CNIR,2020/07/08,"36°20'37.58""N","105°28'07.57""W","36°22'36.55""N","105°30'09.53""W","36°22'37.51""N","105°26'07.04""W","36°18'38.58""N","105°26'05.71""W","36°18'37.63""N","105°30'07.99""W",36.3437721,-105.46876929999999,36.376819299999994,-105.50264720000001,36.377086,-105.43528880000001,36.3107166,-105.43491940000001,36.3104527,-105.50221940000002,M_3610545_NW_13_060_20200708,2957531
85,M_3610545_SE_13_060_20200708,NM,USDA,USDA-FSA-APFO,UTM,13N,NAD83,0.6,METER,4,CNIR,202005_NEW_MEXICO_NAIP_0X6000M_UTM_CNIR,2020/07/08,"36°16'52.52""N","105°24'22.54""W","36°18'51.56""N","105°26'24.31""W","36°18'52.38""N","105°22'22.01""W","36°14'53.44""N","105°22'20.88""W","36°14'52.62""N","105°26'22.97""W",36.2812554,-105.40626110000001,36.3143222,-105.44008600000001,36.31455,-105.3727804,36.2481777,-105.3724666,36.2479499,-105.4397138,M_3610545_SE_13_060_20200708,2957532
86,M_3610545_SW_13_060_20200708,NM,USDA,USDA-FSA-APFO,UTM,13N,NAD83,0.6,METER,4,CNIR,202005_NEW_MEXICO_NAIP_0X6000M_UTM_CNIR,2020/07/08,"36°16'52.47""N","105°28'07.54""W","36°18'51.45""N","105°30'09.52""W","36°18'52.40""N","105°26'06.99""W","36°14'53.46""N","105°26'05.66""W","36°14'52.52""N","105°30'07.99""W",36.2812416,-105.46876100000001,36.314291600000004,-105.50264440000001,36.3145555,-105.43527490000001,36.2481833,-105.4349055,36.247922100000004,-105.50221940000002,M_3610545_SW_13_060_20200708,2957533
87,M_3610546_NW_13_060_20200708,NM,USDA,USDA-FSA-APFO,UTM,13N,NAD83,0.6,METER,4,CNIR,202005_NEW_MEXICO_NAIP_0X6000M_UTM_CNIR,2020/07/08,"36°20'37.46""N","105°20'37.56""W","36°22'36.46""N","105°22'39.21""W","36°22'37.16""N","105°18'36.96""W","36°18'38.42""N","105°18'36.02""W","36°18'37.72""N","105°22'38.06""W",36.3437388,-105.3437666,36.3767943,-105.3775582,36.3769888,-105.31026659999999,36.3106722,-105.31000549999999,36.3104777,-105.3772388,M_3610546_NW_13_060_20200708,2957535
88,M_3610546_SW_13_060_20200708,NM,USDA,USDA-FSA-APFO,UTM,13N,NAD83,0.6,METER,4,CNIR,202005_NEW_MEXICO_NAIP_0X6000M_UTM_CNIR,2020/07/08,"36°16'52.54""N","105°20'37.54""W","36°18'51.55""N","105°22'39.09""W","36°18'52.24""N","105°18'37.03""W","36°14'53.50""N","105°18'36.09""W","36°14'52.81""N","105°22'37.94""W",36.281261,-105.34376100000001,36.314319399999995,-105.37752490000001,36.314511100000004,-105.3102861,36.248194399999996,-105.310025,36.2480027,-105.3772054,M_3610546_SW_13_060_20200708,2957537
89,M_3610547_NW_13_060_20200708,NM,USDA,USDA-FSA-APFO,UTM,13N,NAD83,0.6,METER,4,CNIR,202005_NEW_MEXICO_NAIP_0X6000M_UTM_CNIR,2020/07/08,"36°20'37.54""N","105°13'07.56""W","36°22'36.48""N","105°15'08.90""W","36°22'36.92""N","105°11'06.89""W","36°18'38.57""N","105°11'06.32""W","36°18'38.13""N","105°15'08.13""W",36.343761,-105.2187666,36.3767999,-105.2524722,36.3769221,-105.18524709999998,36.310713799999995,-105.1850888,36.3105916,-105.25225829999998,M_3610547_NW_13_060_20200708,2957539
90,M_3610547_SW_13_060_20200708,NM,USDA,USDA-FSA-APFO,UTM,13N,NAD83,0.6,METER,4,CNIR,202005_NEW_MEXICO_NAIP_0X6000M_UTM_CNIR,2020/07/08,"36°16'52.53""N","105°13'07.65""W","36°18'51.56""N","105°15'08.90""W","36°18'52.01""N","105°11'07.08""W","36°14'53.46""N","105°11'06.51""W","36°14'53.02""N","105°15'08.13""W",36.2812582,-105.2187916,36.3143222,-105.2524722,36.314447200000004,-105.1852999,36.2481833,-105.1851416,36.248061,-105.25225829999998,M_3610547_SW_13_060_20200708,2957541
91,M_3610552_NE_13_060_20200708,NM,USDA,USDA-FSA-APFO,UTM,13N,NAD83,0.6,METER,4,CNIR,202005_NEW_MEXICO_NAIP_0X6000M_UTM_CNIR,2020/07/08,"36°13'07.49""N","105°31'52.58""W","36°15'06.50""N","105°33'54.80""W","36°15'07.58""N","105°29'51.98""W","36°11'08.45""N","105°29'50.47""W","36°11'07.37""N","105°33'53.08""W",36.2187471,-105.5312721,36.251805499999996,-105.56522220000001,36.2521055,-105.49777209999999,36.1856805,-105.4973527,36.1853805,-105.56474440000001,M_3610552_NE_13_060_20200708,2957558
92,M_3610552_SE_13_060_20200708,NM,USDA,USDA-FSA-APFO,UTM,13N,NAD83,0.6,METER,4,CNIR,202005_NEW_MEXICO_NAIP_0X6000M_UTM_CNIR,2020/07/08,"36°09'22.47""N","105°31'52.50""W","36°11'21.39""N","105°33'54.62""W","36°11'22.46""N","105°29'52""W","36°07'23.53""N","105°29'50.49""W","36°07'22.45""N","105°33'52.91""W",36.1562416,-105.5312499,36.1892749,-105.5651722,36.1895721,-105.4977777,36.1232027,-105.49735829999999,36.1229027,-105.56469720000001,M_3610552_SE_13_060_20200708,2957560
93,M_3610553_NE_13_060_20200708,NM,USDA,USDA-FSA-APFO,UTM,13N,NAD83,0.6,METER,4,CNIR,202005_NEW_MEXICO_NAIP_0X6000M_UTM_CNIR,2020/07/08,"36°13'07.50""N","105°24'22.46""W","36°15'06.44""N","105°26'24.25""W","36°15'07.27""N","105°22'21.90""W","36°11'08.52""N","105°22'20.77""W","36°11'07.70""N","105°26'22.91""W",36.2187499,-105.4062388,36.2517888,-105.44006940000001,36.252019399999995,-105.3727499,36.1856999,-105.37243600000001,36.185472100000005,-105.43969709999999,M_3610553_NE_13_060_20200708,2957562
94,M_3610553_NW_13_060_20200708,NM,USDA,USDA-FSA-APFO,UTM,13N,NAD83,0.6,METER,4,CNIR,202005_NEW_MEXICO_NAIP_0X6000M_UTM_CNIR,2020/07/08,"36°13'07.56""N","105°28'07.52""W","36°15'06.53""N","105°30'09.53""W","36°15'07.48""N","105°26'06.94""W","36°11'08.54""N","105°26'05.62""W","36°11'07.60""N","105°30'08""W",36.2187666,-105.4687554,36.2518138,-105.50264720000001,36.2520777,-105.43526100000001,36.1857055,-105.43489440000002,36.185444399999994,-105.5022222,M_3610553_NW_13_060_20200708,2957563
95,M_3610553_SE_13_060_20200708,NM,USDA,USDA-FSA-APFO,UTM,13N,NAD83,0.6,METER,4,CNIR,202005_NEW_MEXICO_NAIP_0X6000M_UTM_CNIR,2020/07/08,"36°09'22.58""N","105°24'22.62""W","36°11'21.52""N","105°26'24.43""W","36°11'22.35""N","105°22'22.04""W","36°07'23.60""N","105°22'20.91""W","36°07'22.78""N","105°26'23.10""W",36.156272200000004,-105.40628329999998,36.189311,-105.44011940000001,36.189541600000005,-105.37278880000001,36.1232221,-105.3724749,36.122994299999995,-105.43974990000001,M_3610553_SE_13_060_20200708,2957564
96,M_3610553_SW_13_060_20200708,NM,USDA,USDA-FSA-APFO,UTM,13N,NAD83,0.6,METER,4,CNIR,202005_NEW_MEXICO_NAIP_0X6000M_UTM_CNIR,2020/07/08,"36°09'22.44""N","105°28'07.50""W","36°11'21.42""N","105°30'09.53""W","36°11'22.37""N","105°26'06.90""W","36°07'23.43""N","105°26'05.58""W","36°07'22.48""N","105°30'08""W",36.1562333,-105.4687499,36.1892833,-105.50264720000001,36.1895471,-105.4352499,36.1231749,-105.43488329999998,36.122911,-105.5022222,M_3610553_SW_13_060_20200708,2957565
97,M_3610554_NW_13_060_20200708,NM,USDA,USDA-FSA-APFO,UTM,13N,NAD83,0.6,METER,4,CNIR,202005_NEW_MEXICO_NAIP_0X6000M_UTM_CNIR,2020/07/08,"36°13'07.52""N","105°20'37.51""W","36°15'06.43""N","105°22'39.21""W","36°15'07.13""N","105°18'36.86""W","36°11'08.58""N","105°18'35.92""W","36°11'07.89""N","105°22'38.06""W",36.2187554,-105.3437527,36.251786100000004,-105.3775582,36.2519805,-105.31023880000001,36.1857166,-105.3099777,36.185524900000004,-105.3772388,M_3610554_NW_13_060_20200708,2957567
98,M_3610554_SW_13_060_20200708,NM,USDA,USDA-FSA-APFO,UTM,13N,NAD83,0.6,METER,4,CNIR,202005_NEW_MEXICO_NAIP_0X6000M_UTM_CNIR,2020/07/08,"36°09'22.51""N","105°20'37.49""W","36°11'21.51""N","105°22'39.09""W","36°11'22.21""N","105°18'36.94""W","36°07'23.46""N","105°18'36""W","36°07'22.77""N","105°22'37.95""W",36.1562527,-105.34374709999999,36.1893083,-105.37752490000001,36.1895027,-105.3102611,36.12318320000001,-105.31,36.122991600000006,-105.3772082,M_3610554_SW_13_060_20200708,2957569
99,M_3610555_NW_13_060_20200708,NM,USDA,USDA-FSA-APFO,UTM,13N,NAD83,0.6,METER,4,CNIR,202005_NEW_MEXICO_NAIP_0X6000M_UTM_CNIR,2020/07/08,"36°13'07.51""N","105°13'07.63""W","36°15'06.45""N","105°15'08.89""W","36°15'06.89""N","105°11'07.02""W","36°11'08.54""N","105°11'06.46""W","36°11'08.09""N","105°15'08.13""W",36.2187527,-105.21878600000001,36.251791600000004,-105.25246940000001,36.2519138,-105.18528329999998,36.1857055,-105.1851277,36.1855805,-105.25225829999998,M_3610555_NW_13_060_20200708,2957571
100,M_3610555_SW_13_060_20200708,NM,USDA,USDA-FSA-APFO,UTM,13N,NAD83,0.6,METER,4,CNIR,202005_NEW_MEXICO_NAIP_0X6000M_UTM_CNIR,2020/07/08,"36°09'22.49""N","105°13'07.60""W","36°11'21.53""N","105°15'08.89""W","36°11'21.97""N","105°11'06.97""W","36°07'23.42""N","105°11'06.41""W","36°07'22.98""N","105°15'08.13""W",36.1562472,-105.2187777,36.1893138,-105.25246940000001,36.189436,-105.18526940000001,36.123172100000005,-105.18511380000001,36.1230499,-105.25225829999998,M_3610555_SW_13_060_20200708,2957573
101,M_3610560_NE_13_060_20200708,NM,USDA,USDA-FSA-APFO,UTM,13N,NAD83,0.6,METER,4,CNIR,202005_NEW_MEXICO_NAIP_0X6000M_UTM_CNIR,2020/07/08,"36°05'37.55""N","105°31'52.55""W","36°07'36.46""N","105°33'54.69""W","36°07'37.54""N","105°29'52.02""W","36°03'38.60""N","105°29'50.51""W","36°03'37.53""N","105°33'52.98""W",36.0937638,-105.5312638,36.1267943,-105.56519159999999,36.127094299999996,-105.49778329999998,36.0607222,-105.4973638,36.060425,-105.5647166,M_3610560_NE_13_060_20200708,2957590
102,M_3611801_SE_11_060_20200805,CA,USDA,USDA-FSA-APFO,UTM,11N,NAD83,0.6,METER,4,CNIR,202004_CALIFORNIA_NAIP_0X6000M_UTM_CNIR,2020/08/05,"36°54'22.55""N","118°54'22.56""W","36°56'21.30""N","118°56'29.09""W","36°56'25.27""N","118°52'22.05""W","36°52'23.76""N","118°52'16.15""W","36°52'19.80""N","118°56'22.97""W",36.9062638,-118.9062666,36.9392499,-118.9414138,36.9403527,-118.8727916,36.8732666,-118.8711527,36.8721666,-118.9397138,M_3611801_SE_11_060_20200805,2995678
103,M_3611801_SW_11_060_20200805,CA,USDA,USDA-FSA-APFO,UTM,11N,NAD83,0.6,METER,4,CNIR,202004_CALIFORNIA_NAIP_0X6000M_UTM_CNIR,2020/08/05,"36°54'22.49""N","118°58'07.53""W","36°56'21.26""N","119°00'14.16""W","36°56'25.36""N","118°56'07.12""W","36°52'23.66""N","118°56'01.02""W","36°52'19.58""N","119°00'07.84""W",36.9062472,-118.9687582,36.9392388,-119.00393329999999,36.9403777,-118.93531100000001,36.873238799999996,-118.9336166,36.8721054,-119.0021777,M_3611801_SW_11_060_20200805,2995680
104,M_3611809_NE_11_060_20200805,CA,USDA,USDA-FSA-APFO,UTM,11N,NAD83,0.6,METER,4,CNIR,202004_CALIFORNIA_NAIP_0X6000M_UTM_CNIR,2020/08/05,"36°50'37.50""N","118°54'22.54""W","36°52'36.25""N","118°56'28.96""W","36°52'40.22""N","118°52'22.12""W","36°48'38.70""N","118°52'16.23""W","36°48'34.75""N","118°56'22.86""W",36.8437499,-118.90626110000001,36.876736,-118.9413777,36.8778388,-118.87281100000001,36.81075,-118.87117490000001,36.8096527,-118.93968329999998,M_3611809_NE_11_060_20200805,2995709
105,M_3611809_NW_11_060_20200805,CA,USDA,USDA-FSA-APFO,UTM,11N,NAD83,0.6,METER,4,CNIR,202004_CALIFORNIA_NAIP_0X6000M_UTM_CNIR,2020/08/05,"36°50'37.43""N","118°58'07.57""W","36°52'36.21""N","119°00'14.09""W","36°52'40.31""N","118°56'07.25""W","36°48'38.61""N","118°56'01.16""W","36°48'34.52""N","119°00'07.78""W",36.8437305,-118.96876929999999,36.8767249,-119.0039138,36.8778638,-118.93534709999999,36.810725,-118.9336555,36.8095888,-119.00216110000001,M_3611809_NW_11_060_20200805,2995710
106,M_3611809_SE_11_060_20200805,CA,USDA,USDA-FSA-APFO,UTM,11N,NAD83,0.6,METER,4,CNIR,202004_CALIFORNIA_NAIP_0X6000M_UTM_CNIR,2020/08/05,"36°46'52.44""N","118°54'22.53""W","36°48'51.20""N","118°56'28.84""W","36°48'55.16""N","118°52'22.20""W","36°44'53.64""N","118°52'16.33""W","36°44'49.69""N","118°56'22.75""W",36.7812332,-118.90625829999999,36.8142222,-118.94134440000002,36.815322200000004,-118.87283319999999,36.748233299999995,-118.8712027,36.747136,-118.9396527,M_3611809_SE_11_060_20200805,2995711
107,M_3611809_SW_11_060_20200805,CA,USDA,USDA-FSA-APFO,UTM,11N,NAD83,0.6,METER,4,CNIR,202004_CALIFORNIA_NAIP_0X6000M_UTM_CNIR,2020/08/05,"36°46'52.57""N","118°58'07.50""W","36°48'51.36""N","119°00'14.03""W","36°48'55.45""N","118°56'07.16""W","36°44'53.74""N","118°56'01.08""W","36°44'49.66""N","119°00'07.74""W",36.7812693,-118.9687499,36.8142666,-119.00389720000001,36.8154027,-118.9353221,36.748261,-118.93363329999998,36.7471277,-119.00215,M_3611809_SW_11_060_20200805,2995712
108,M_3611817_NE_11_060_20200805,CA,USDA,USDA-FSA-APFO,UTM,11N,NAD83,0.6,METER,4,CNIR,202004_CALIFORNIA_NAIP_0X6000M_UTM_CNIR,2020/08/05,"36°43'07.57""N","118°54'22.53""W","36°45'06.33""N","118°56'28.98""W","36°45'10.29""N","118°52'22.05""W","36°41'08.77""N","118°52'16.19""W","36°41'04.82""N","118°56'22.90""W",36.7187693,-118.90625829999999,36.7517583,-118.94138329999998,36.7528583,-118.8727916,36.6857694,-118.8711638,36.6846721,-118.93969440000001,M_3611817_NE_11_060_20200805,2995740
109,M_3611817_NW_11_060_20200805,CA,USDA,USDA-FSA-APFO,UTM,11N,NAD83,0.6,METER,4,CNIR,202004_CALIFORNIA_NAIP_0X6000M_UTM_CNIR,2020/08/05,"36°43'07.51""N","118°58'07.55""W","36°45'06.30""N","119°00'14.22""W","36°45'10.39""N","118°56'07.06""W","36°41'08.68""N","118°56'01""W","36°41'04.60""N","119°00'07.94""W",36.7187527,-118.9687638,36.75175,-119.00395,36.752886100000005,-118.93529440000002,36.6857444,-118.93361100000001,36.684611,-119.00220549999999,M_3611817_NW_11_060_20200805,2995741
110,M_3611817_SE_11_060_20200805,CA,USDA,USDA-FSA-APFO,UTM,11N,NAD83,0.6,METER,4,CNIR,202004_CALIFORNIA_NAIP_0X6000M_UTM_CNIR,2020/08/05,"36°39'22.51""N","118°54'22.53""W","36°41'21.27""N","118°56'28.87""W","36°41'25.23""N","118°52'22.15""W","36°37'23.71""N","118°52'16.30""W","36°37'19.76""N","118°56'22.81""W",36.6562527,-118.90625829999999,36.6892416,-118.9413527,36.6903416,-118.8728193,36.6232527,-118.8711943,36.6221554,-118.93966940000001,M_3611817_SE_11_060_20200805,2995742
111,M_3611817_SW_11_060_20200805,CA,USDA,USDA-FSA-APFO,UTM,11N,NAD83,0.6,METER,4,CNIR,202004_CALIFORNIA_NAIP_0X6000M_UTM_CNIR,2020/08/05,"36°39'22.45""N","118°58'07.62""W","36°41'21.24""N","119°00'14.17""W","36°41'25.33""N","118°56'07.22""W","36°37'23.62""N","118°56'01.17""W","36°37'19.54""N","119°00'07.91""W",36.6562361,-118.96878319999999,36.6892333,-119.0039361,36.690369399999994,-118.9353388,36.6232277,-118.93365829999999,36.6220943,-119.00219720000001,M_3611817_SW_11_060_20200805,2995743
112,M_3611825_NE_11_060_20200805,CA,USDA,USDA-FSA-APFO,UTM,11N,NAD83,0.6,METER,4,CNIR,202004_CALIFORNIA_NAIP_0X6000M_UTM_CNIR,2020/08/05,"36°35'37.45""N","118°54'22.54""W","36°37'36.21""N","118°56'28.78""W","36°37'40.16""N","118°52'22.25""W","36°33'38.64""N","118°52'16.42""W","36°33'34.70""N","118°56'22.73""W",36.593736,-118.90626110000001,36.6267249,-118.9413277,36.6278221,-118.87284709999999,36.560733299999995,-118.8712277,36.559638799999995,-118.93964709999999,M_3611825_NE_11_060_20200805,2995772
113,M_3611825_NW_11_060_20200805,CA,USDA,USDA-FSA-APFO,UTM,11N,NAD83,0.6,METER,4,CNIR,202004_CALIFORNIA_NAIP_0X6000M_UTM_CNIR,2020/08/05,"36°35'37.58""N","118°58'07.57""W","36°37'36.38""N","119°00'14.14""W","36°37'40.46""N","118°56'07.15""W","36°33'38.75""N","118°56'01.11""W","36°33'34.68""N","119°00'07.89""W",36.5937721,-118.96876929999999,36.626772100000004,-119.0039277,36.6279054,-118.93531940000001,36.5607638,-118.9336416,36.5596333,-119.0021916,M_3611825_NW_11_060_20200805,2995773
114,M_3611825_SE_11_060_20200805,CA,USDA,USDA-FSA-APFO,UTM,11N,NAD83,0.6,METER,4,CNIR,202004_CALIFORNIA_NAIP_0X6000M_UTM_CNIR,2020/08/05,"36°31'52.57""N","118°54'22.57""W","36°33'51.34""N","118°56'28.94""W","36°33'55.29""N","118°52'22.13""W","36°29'53.76""N","118°52'16.31""W","36°29'49.82""N","118°56'22.90""W",36.5312693,-118.90626940000001,36.5642611,-118.9413721,36.5653583,-118.8728138,36.4982666,-118.87119709999999,36.4971721,-118.93969440000001,M_3611825_SE_11_060_20200805,2995774
115,M_3611825_SW_11_060_20200805,CA,USDA,USDA-FSA-APFO,UTM,11N,NAD83,0.6,METER,4,CNIR,202004_CALIFORNIA_NAIP_0X6000M_UTM_CNIR,2020/08/05,"36°31'52.52""N","118°58'07.53""W","36°33'51.31""N","119°00'14.12""W","36°33'55.40""N","118°56'07.08""W","36°29'53.68""N","118°56'01.05""W","36°29'49.61""N","119°00'07.88""W",36.5312554,-118.9687582,36.5642527,-119.0039222,36.5653888,-118.9352999,36.4982444,-118.93362490000001,36.4971138,-119.0021888,M_3611825_SW_11_060_20200805,2995775
116,M_3611833_NE_11_060_20200805,CA,USDA,USDA-FSA-APFO,UTM,11N,NAD83,0.6,METER,4,CNIR,202004_CALIFORNIA_NAIP_0X6000M_UTM_CNIR,2020/08/05,"36°28'07.50""N","118°54'22.60""W","36°30'06.28""N","118°56'28.86""W","36°30'10.22""N","118°52'22.25""W","36°26'08.69""N","118°52'16.44""W","36°26'04.76""N","118°56'22.84""W",36.4687499,-118.9062777,36.50174439999999,-118.9413499,36.5028388,-118.87284709999999,36.4357471,-118.87123319999999,36.4346555,-118.9396777,M_3611833_NE_11_060_20200805,2995804
117,M_3611833_SE_11_060_20200805,CA,USDA,USDA-FSA-APFO,UTM,11N,NAD83,0.6,METER,4,CNIR,202004_CALIFORNIA_NAIP_0X6000M_UTM_CNIR,2020/08/05,"36°24'22.43""N","118°54'22.51""W","36°26'21.21""N","118°56'28.79""W","36°26'25.15""N","118°52'22.14""W","36°22'23.62""N","118°52'16.34""W","36°22'19.69""N","118°56'22.78""W",36.4062305,-118.9062527,36.4392249,-118.94133049999999,36.44031939999999,-118.8728166,36.3732277,-118.8712054,36.372136,-118.93966100000002,M_3611833_SE_11_060_20200805,2995806
118,M_3611841_NE_11_060_20200805,CA,USDA,USDA-FSA-APFO,UTM,11N,NAD83,0.6,METER,4,CNIR,202004_CALIFORNIA_NAIP_0X6000M_UTM_CNIR,2020/08/05,"36°20'37.56""N","118°54'22.56""W","36°22'36.33""N","118°56'28.73""W","36°22'40.27""N","118°52'22.28""W","36°18'38.74""N","118°52'16.49""W","36°18'34.81""N","118°56'22.74""W",36.3437666,-118.9062666,36.376758200000005,-118.9413138,36.3778527,-118.8728554,36.3107611,-118.87124709999999,36.3096694,-118.9396499,M_3611841_NE_11_060_20200805,2995836
119,M_3611841_SE_11_060_20200805,CA,USDA,USDA-FSA-APFO,UTM,11N,NAD83,0.6,METER,4,CNIR,202004_CALIFORNIA_NAIP_0X6000M_UTM_CNIR,2020/08/05,"36°16'52.48""N","118°54'22.49""W","36°18'51.26""N","118°56'28.68""W","36°18'55.20""N","118°52'22.18""W","36°14'53.66""N","118°52'16.41""W","36°14'49.74""N","118°56'22.70""W",36.2812443,-118.90624720000001,36.3142388,-118.9412999,36.3153333,-118.8728277,36.248238799999996,-118.8712249,36.247149900000004,-118.9396388,M_3611841_SE_11_060_20200805,2995838
120,M_3611849_NE_11_060_20200805,CA,USDA,USDA-FSA-APFO,UTM,11N,NAD83,0.6,METER,4,CNIR,202004_CALIFORNIA_NAIP_0X6000M_UTM_CNIR,2020/08/05,"36°13'07.60""N","118°54'22.56""W","36°15'06.38""N","118°56'28.88""W","36°15'10.31""N","118°52'22.10""W","36°11'08.78""N","118°52'16.34""W","36°11'04.85""N","118°56'22.91""W",36.2187777,-118.9062666,36.2517722,-118.9413555,36.2528638,-118.8728054,36.1857721,-118.8712054,36.1846805,-118.93969709999999,M_3611849_NE_11_060_20200805,2995868
121,M_3611849_SE_11_060_20200805,CA,USDA,USDA-FSA-APFO,UTM,11N,NAD83,0.6,METER,4,CNIR,202004_CALIFORNIA_NAIP_0X6000M_UTM_CNIR,2020/08/05,"36°09'22.52""N","118°54'22.62""W","36°11'21.30""N","118°56'28.84""W","36°11'25.23""N","118°52'22.26""W","36°07'23.69""N","118°52'16.51""W","36°07'19.77""N","118°56'22.89""W",36.1562555,-118.90628329999998,36.1892499,-118.94134440000002,36.1903416,-118.8728499,36.1232471,-118.8712527,36.12215820000001,-118.9396916,M_3611849_SE_11_060_20200805,2995870
122,M_3611857_NE_11_060_20200805,CA,USDA,USDA-FSA-APFO,UTM,11N,NAD83,0.6,METER,4,CNIR,202004_CALIFORNIA_NAIP_0X6000M_UTM_CNIR,2020/08/05,"36°05'37.44""N","118°54'22.58""W","36°07'36.22""N","118°56'28.81""W","36°07'40.15""N","118°52'22.18""W","36°03'38.61""N","118°52'16.45""W","36°03'34.69""N","118°56'22.87""W",36.0937333,-118.9062722,36.1267277,-118.941336,36.1278193,-118.8728277,36.060725,-118.87123600000001,36.059636100000006,-118.93968600000001,M_3611857_NE_11_060_20200805,2995900
123,M_3611857_SE_11_060_20200805,CA,USDA,USDA-FSA-APFO,UTM,11N,NAD83,0.6,METER,4,CNIR,202004_CALIFORNIA_NAIP_0X6000M_UTM_CNIR,2020/08/05,"36°01'52.55""N","118°54'22.55""W","36°03'51.34""N","118°56'28.80""W","36°03'55.26""N","118°52'22.12""W","35°59'53.72""N","118°52'16.40""W","35°59'49.80""N","118°56'22.87""W",36.0312638,-118.9062638,36.0642611,-118.94133329999998,36.06535,-118.87281100000001,35.9982555,-118.8712221,35.9971666,-118.93968600000001,M_3611857_SE_11_060_20200805,2995902
124,M_3711903_NE_11_060_20200805,CA,USDA,USDA-FSA-APFO,UTM,11N,NAD83,0.6,METER,4,CNIR,202004_CALIFORNIA_NAIP_0X6000M_UTM_CNIR,2020/08/05,"37°58'07.57""N","119°39'22.58""W","38°00'06.18""N","119°41'31.69""W","38°00'11.82""N","119°37'22.24""W","37°56'08.92""N","119°37'13.59""W","37°56'03.29""N","119°41'22.81""W",37.9687693,-119.6562722,38.0017166,-119.692136,38.0032833,-119.6228443,37.935811,-119.62044159999999,37.9342471,-119.68966940000001,M_3711903_NE_11_060_20200805,3000420
125,M_3711903_NW_11_060_20200805,CA,USDA,USDA-FSA-APFO,UTM,11N,NAD83,0.6,METER,4,CNIR,202004_CALIFORNIA_NAIP_0X6000M_UTM_CNIR,2020/08/05,"37°58'07.58""N","119°43'07.66""W","38°00'06.21""N","119°45'16.99""W","38°00'11.99""N","119°41'07.30""W","37°56'08.91""N","119°40'58.45""W","37°56'03.15""N","119°45'07.90""W",37.9687721,-119.7187943,38.001725,-119.75471940000001,38.0033305,-119.68536100000001,37.9358083,-119.6829027,37.9342083,-119.75219440000001,M_3711903_NW_11_060_20200805,3000421
126,M_3711903_SE_11_060_20200805,CA,USDA,USDA-FSA-APFO,UTM,11N,NAD83,0.6,METER,4,CNIR,202004_CALIFORNIA_NAIP_0X6000M_UTM_CNIR,2020/08/05,"37°54'22.58""N","119°39'22.46""W","37°56'21.19""N","119°41'31.58""W","37°56'26.83""N","119°37'22.09""W","37°52'23.93""N","119°37'13.47""W","37°52'18.31""N","119°41'22.73""W",37.906272200000004,-119.6562388,37.9392194,-119.6921055,37.940785999999996,-119.6228027,37.8733138,-119.6204082,37.8717527,-119.68964709999999,M_3711903_SE_11_060_20200805,3000422
127,M_3711903_SW_11_060_20200805,CA,USDA,USDA-FSA-APFO,UTM,11N,NAD83,0.6,METER,4,CNIR,202004_CALIFORNIA_NAIP_0X6000M_UTM_CNIR,2020/08/05,"37°54'22.50""N","119°43'07.59""W","37°56'21.03""N","119°45'16.92""W","37°56'26.81""N","119°41'07.21""W","37°52'23.92""N","119°40'58.38""W","37°52'18.16""N","119°45'07.87""W",37.90625,-119.71877490000001,37.9391749,-119.7547,37.9407805,-119.685336,37.873311,-119.68288319999999,37.871711,-119.7521861,M_3711903_SW_11_060_20200805,3000423
128,M_3711904_NW_11_060_20200805,CA,USDA,USDA-FSA-APFO,UTM,11N,NAD83,0.6,METER,4,CNIR,202004_CALIFORNIA_NAIP_0X6000M_UTM_CNIR,2020/08/05,"37°58'07.54""N","119°35'37.50""W","38°00'06.22""N","119°37'46.39""W","38°00'11.72""N","119°33'37.17""W","37°56'08.81""N","119°33'28.73""W","37°56'03.32""N","119°37'37.72""W",37.968761,-119.5937499,38.0017277,-119.6295527,38.0032555,-119.560325,37.9357805,-119.5579805,37.9342555,-119.6271443,M_3711904_NW_11_060_20200805,3000425
129,M_3711904_SW_11_060_20200805,CA,USDA,USDA-FSA-APFO,UTM,11N,NAD83,0.6,METER,4,CNIR,202004_CALIFORNIA_NAIP_0X6000M_UTM_CNIR,2020/08/05,"37°54'22.54""N","119°35'37.58""W","37°56'21.23""N","119°37'46.47""W","37°56'26.73""N","119°33'37.22""W","37°52'23.81""N","119°33'28.80""W","37°52'18.33""N","119°37'37.82""W",37.9062611,-119.5937721,37.9392305,-119.62957490000001,37.9407583,-119.5603388,37.8732804,-119.55799999999999,37.8717582,-119.6271721,M_3711904_SW_11_060_20200805,3000427
130,M_3711911_NE_11_060_20200805,CA,USDA,USDA-FSA-APFO,UTM,11N,NAD83,0.6,METER,4,CNIR,202004_CALIFORNIA_NAIP_0X6000M_UTM_CNIR,2020/08/05,"37°50'37.59""N","119°39'22.61""W","37°52'36.20""N","119°41'31.73""W","37°52'41.84""N","119°37'22.21""W","37°48'38.93""N","119°37'13.60""W","37°48'33.31""N","119°41'22.89""W",37.8437749,-119.6562805,37.8767221,-119.69214709999999,37.8782888,-119.622836,37.8108138,-119.6204443,37.8092527,-119.6896916,M_3711911_NE_11_060_20200805,3000452
131,M_3711911_NW_11_060_20200805,CA,USDA,USDA-FSA-APFO,UTM,11N,NAD83,0.6,METER,4,CNIR,202004_CALIFORNIA_NAIP_0X6000M_UTM_CNIR,2020/08/05,"37°50'37.51""N","119°43'07.54""W","37°52'36.05""N","119°45'16.88""W","37°52'41.82""N","119°41'07.13""W","37°48'38.93""N","119°40'58.32""W","37°48'33.17""N","119°45'07.85""W",37.8437527,-119.71876100000001,37.8766804,-119.7546888,37.878283200000006,-119.6853138,37.8108138,-119.6828666,37.809213799999995,-119.7521805,M_3711911_NW_11_060_20200805,3000453
132,M_3711911_SE_11_060_20200805,CA,USDA,USDA-FSA-APFO,UTM,11N,NAD83,0.6,METER,4,CNIR,202004_CALIFORNIA_NAIP_0X6000M_UTM_CNIR,2020/08/05,"37°46'52.59""N","119°39'22.51""W","37°48'51.21""N","119°41'31.64""W","37°48'56.84""N","119°37'22.09""W","37°44'53.94""N","119°37'13.50""W","37°44'48.32""N","119°41'22.83""W",37.7812749,-119.6562527,37.814225,-119.69212209999999,37.8157888,-119.6228027,37.7483166,-119.6204166,37.7467555,-119.6896749,M_3711911_SE_11_060_20200805,3000454
133,M_3711911_SW_11_060_20200805,CA,USDA,USDA-FSA-APFO,UTM,11N,NAD83,0.6,METER,4,CNIR,202004_CALIFORNIA_NAIP_0X6000M_UTM_CNIR,2020/08/05,"37°46'52.52""N","119°43'07.63""W","37°48'51.06""N","119°45'16.85""W","37°48'56.83""N","119°41'07.31""W","37°44'53.93""N","119°40'58.52""W","37°44'48.18""N","119°45'07.83""W",37.7812554,-119.71878600000001,37.814183299999996,-119.75468049999999,37.815786100000004,-119.6853638,37.7483138,-119.68292209999998,37.7467166,-119.752175,M_3711911_SW_11_060_20200805,3000455
134,M_3711912_NW_11_060_20200805,CA,USDA,USDA-FSA-APFO,UTM,11N,NAD83,0.6,METER,4,CNIR,202004_CALIFORNIA_NAIP_0X6000M_UTM_CNIR,2020/08/05,"37°50'37.55""N","119°35'37.54""W","37°52'36.24""N","119°37'46.32""W","37°52'41.73""N","119°33'37.28""W","37°48'38.81""N","119°33'28.88""W","37°48'33.33""N","119°37'37.69""W",37.8437638,-119.59376100000001,37.876733200000004,-119.6295332,37.878258200000005,-119.5603555,37.8107805,-119.55802220000001,37.809258299999996,-119.62713600000001,M_3711912_NW_11_060_20200805,3000457
135,M_3711912_SW_11_060_20200805,CA,USDA,USDA-FSA-APFO,UTM,11N,NAD83,0.6,METER,4,CNIR,202004_CALIFORNIA_NAIP_0X6000M_UTM_CNIR,2020/08/05,"37°46'52.55""N","119°35'37.51""W","37°48'51.24""N","119°37'46.42""W","37°48'56.74""N","119°33'37.10""W","37°44'53.82""N","119°33'28.72""W","37°44'48.33""N","119°37'37.81""W",37.7812638,-119.5937527,37.8142333,-119.62956100000001,37.8157611,-119.5603055,37.7482833,-119.5579777,37.746758299999996,-119.62716929999999,M_3711912_SW_11_060_20200805,3000414
136,M_3711919_NE_11_060_20200805,CA,USDA,USDA-FSA-APFO,UTM,11N,NAD83,0.6,METER,4,CNIR,202004_CALIFORNIA_NAIP_0X6000M_UTM_CNIR,2020/08/05,"37°43'07.60""N","119°39'22.55""W","37°45'06.22""N","119°41'31.57""W","37°45'11.84""N","119°37'22.22""W","37°41'08.93""N","119°37'13.66""W","37°41'03.32""N","119°41'22.77""W",37.7187777,-119.6562638,37.7517277,-119.6921027,37.7532888,-119.6228388,37.6858138,-119.620461,37.6842555,-119.68965829999999,M_3711919_NE_11_060_20200805,3000483
137,M_3711919_NW_11_060_20200805,CA,USDA,USDA-FSA-APFO,UTM,11N,NAD83,0.6,METER,4,CNIR,202004_CALIFORNIA_NAIP_0X6000M_UTM_CNIR,2020/08/05,"37°43'07.52""N","119°43'07.60""W","37°45'06.07""N","119°45'16.83""W","37°45'11.83""N","119°41'07.26""W","37°41'08.93""N","119°40'58.49""W","37°41'03.18""N","119°45'07.84""W",37.7187554,-119.7187777,37.7516861,-119.754675,37.753286100000004,-119.6853499,37.6858138,-119.68291380000001,37.6842166,-119.7521777,M_3711919_NW_11_060_20200805,3000484
138,M_3711919_NW_11_060_20200805,CA,USDA,USDA-FSA-APFO,UTM,11N,NAD83,0.6,METER,4,CNIR,202004_CALIFORNIA_NAIP_0X6000M_UTM_CNIR,2020/08/05,"37°43'07.52""N","119°43'07.60""W","37°45'06.07""N","119°45'16.83""W","37°45'11.83""N","119°41'07.26""W","37°41'08.93""N","119°40'58.49""W","37°41'03.18""N","119°45'07.84""W",37.7187554,-119.7187777,37.7516861,-119.754675,37.753286100000004,-119.6853499,37.6858138,-119.68291380000001,37.6842166,-119.7521777,M_3711919_NW_11_060_20200805,3000484
139,M_3711919_SE_11_060_20200805,CA,USDA,USDA-FSA-APFO,UTM,11N,NAD83,0.6,METER,4,CNIR,202004_CALIFORNIA_NAIP_0X6000M_UTM_CNIR,2020/08/05,"37°39'22.60""N","119°39'22.48""W","37°41'21.22""N","119°41'31.50""W","37°41'26.85""N","119°37'22.12""W","37°37'23.93""N","119°37'13.58""W","37°37'18.32""N","119°41'22.73""W",37.6562777,-119.65624440000002,37.6892277,-119.6920833,37.690791600000004,-119.62281100000001,37.6233138,-119.6204388,37.6217554,-119.68964709999999,M_3711919_SE_11_060_20200805,3000485
140,M_3711919_SW_11_060_20200805,CA,USDA,USDA-FSA-APFO,UTM,11N,NAD83,0.6,METER,4,CNIR,202004_CALIFORNIA_NAIP_0X6000M_UTM_CNIR,2020/08/05,"37°39'22.53""N","119°43'07.59""W","37°41'21.07""N","119°45'16.82""W","37°41'26.84""N","119°41'07.21""W","37°37'23.94""N","119°40'58.46""W","37°37'18.19""N","119°45'07.85""W",37.6562583,-119.71877490000001,37.689186,-119.7546722,37.6907888,-119.685336,37.6233166,-119.6829054,37.621719299999995,-119.7521805,M_3711919_SW_11_060_20200805,3000486
141,M_3711920_NW_11_060_20200805,CA,USDA,USDA-FSA-APFO,UTM,11N,NAD83,0.6,METER,4,CNIR,202004_CALIFORNIA_NAIP_0X6000M_UTM_CNIR,2020/08/05,"37°43'07.55""N","119°35'37.50""W","37°45'06.25""N","119°37'46.29""W","37°45'11.73""N","119°33'37.18""W","37°41'08.81""N","119°33'28.82""W","37°41'03.34""N","119°37'37.70""W",37.7187638,-119.5937499,37.7517361,-119.6295249,37.7532583,-119.5603277,37.6857805,-119.5580055,37.684261,-119.6271388,M_3711920_NW_11_060_20200805,3000488
142,M_3711920_SW_11_060_20200805,CA,USDA,USDA-FSA-APFO,UTM,11N,NAD83,0.6,METER,4,CNIR,202004_CALIFORNIA_NAIP_0X6000M_UTM_CNIR,2020/08/05,"37°39'22.55""N","119°35'37.62""W","37°41'21.24""N","119°37'46.42""W","37°41'26.73""N","119°33'37.27""W","37°37'23.81""N","119°33'28.93""W","37°37'18.33""N","119°37'37.85""W",37.6562638,-119.59378329999998,37.6892333,-119.62956100000001,37.6907583,-119.5603527,37.6232804,-119.55803610000001,37.6217582,-119.6271804,M_3711920_SW_11_060_20200805,3000490
143,M_3711927_NE_11_060_20200805,CA,USDA,USDA-FSA-APFO,UTM,11N,NAD83,0.6,METER,4,CNIR,202004_CALIFORNIA_NAIP_0X6000M_UTM_CNIR,2020/08/05,"37°35'37.60""N","119°39'22.55""W","37°37'36.22""N","119°41'31.45""W","37°37'41.84""N","119°37'22.28""W","37°33'38.93""N","119°37'13.75""W","37°33'33.32""N","119°41'22.70""W",37.5937777,-119.6562638,37.6267277,-119.69206940000001,37.6282888,-119.6228554,37.5608138,-119.62048600000001,37.5592555,-119.6896388,M_3711927_NE_11_060_20200805,3000515
144,M_3711927_NW_11_060_20200805,CA,USDA,USDA-FSA-APFO,UTM,11N,NAD83,0.6,METER,4,CNIR,202004_CALIFORNIA_NAIP_0X6000M_UTM_CNIR,2020/08/05,"37°35'37.53""N","119°43'07.58""W","37°37'36.08""N","119°45'16.83""W","37°37'41.84""N","119°41'07.18""W","37°33'38.94""N","119°40'58.45""W","37°33'33.19""N","119°45'07.87""W",37.5937583,-119.7187721,37.6266888,-119.754675,37.6282888,-119.6853277,37.5608166,-119.6829027,37.559219399999996,-119.7521861,M_3711927_NW_11_060_20200805,3000516
145,M_3811959_NE_11_060_20200805,CA,USDA,USDA-FSA-APFO,UTM,11N,NAD83,0.6,METER,4,CNIR,202004_CALIFORNIA_NAIP_0X6000M_UTM_CNIR,2020/08/05,"38°05'37.55""N","119°39'22.48""W","38°07'36.15""N","119°41'31.69""W","38°07'41.80""N","119°37'22.06""W","38°03'38.91""N","119°37'13.38""W","38°03'33.27""N","119°41'22.78""W",38.0937638,-119.65624440000002,38.1267082,-119.692136,38.1282777,-119.6227943,38.0608083,-119.62038319999999,38.0592416,-119.68966100000002,M_3811959_NE_11_060_20200805,2996975
146,M_3811959_NW_11_060_20200805,CA,USDA,USDA-FSA-APFO,UTM,11N,NAD83,0.6,METER,4,CNIR,202004_CALIFORNIA_NAIP_0X6000M_UTM_CNIR,2020/08/05,"38°05'37.56""N","119°43'07.57""W","38°07'36.18""N","119°45'16.88""W","38°07'41.97""N","119°41'07.27""W","38°03'38.89""N","119°40'58.37""W","38°03'33.12""N","119°45'07.76""W",38.0937666,-119.71876929999999,38.1267166,-119.7546888,38.1283249,-119.6853527,38.0608027,-119.6828804,38.0592,-119.75215549999999,M_3811959_NW_11_060_20200805,2996976
147,M_3811959_SE_11_060_20200805,CA,USDA,USDA-FSA-APFO,UTM,11N,NAD83,0.6,METER,4,CNIR,202004_CALIFORNIA_NAIP_0X6000M_UTM_CNIR,2020/08/05,"38°01'52.56""N","119°39'22.59""W","38°03'51.16""N","119°41'31.81""W","38°03'56.81""N","119°37'22.14""W","37°59'53.92""N","119°37'13.48""W","37°59'48.28""N","119°41'22.92""W",38.0312666,-119.656275,38.0642111,-119.69216940000001,38.0657805,-119.6228166,37.998311,-119.620411,37.9967444,-119.68969990000001,M_3811959_SE_11_060_20200805,2996977
148,M_3811959_SW_11_060_20200805,CA,USDA,USDA-FSA-APFO,UTM,11N,NAD83,0.6,METER,4,CNIR,202004_CALIFORNIA_NAIP_0X6000M_UTM_CNIR,2020/08/05,"38°01'52.58""N","119°43'07.48""W","38°03'51.20""N","119°45'16.81""W","38°03'56.98""N","119°41'07.16""W","37°59'53.90""N","119°40'58.28""W","37°59'48.14""N","119°45'07.70""W",38.0312721,-119.7187443,38.0642222,-119.75466940000001,38.0658277,-119.6853221,37.9983055,-119.6828554,37.9967055,-119.7521388,M_3811959_SW_11_060_20200805,2996978
149,M_3811960_NW_11_060_20200805,CA,USDA,USDA-FSA-APFO,UTM,11N,NAD83,0.6,METER,4,CNIR,202004_CALIFORNIA_NAIP_0X6000M_UTM_CNIR,2020/08/05,"38°05'37.52""N","119°35'37.51""W","38°07'36.20""N","119°37'46.50""W","38°07'41.71""N","119°33'37.11""W","38°03'38.80""N","119°33'28.63""W","38°03'33.30""N","119°37'37.80""W",38.0937555,-119.5937527,38.1267221,-119.6295832,38.1282527,-119.56030829999999,38.0607777,-119.5579527,38.05925,-119.6271666,M_3811960_NW_11_060_20200805,2996980
150,M_3811960_SW_11_060_20200805,CA,USDA,USDA-FSA-APFO,UTM,11N,NAD83,0.6,METER,4,CNIR,202004_CALIFORNIA_NAIP_0X6000M_UTM_CNIR,2020/08/05,"38°01'52.53""N","119°35'37.56""W","38°03'51.21""N","119°37'46.56""W","38°03'56.72""N","119°33'37.13""W","37°59'53.81""N","119°33'28.68""W","37°59'48.31""N","119°37'37.88""W",38.0312582,-119.5937666,38.064225,-119.6295999,38.0657555,-119.5603138,37.9982805,-119.5579666,37.9967527,-119.6271888,M_3811960_SW_11_060_20200805,2996982
151,M_4307050_SW_19_060_20181016,ME,USDA,USDA-FSA-APFO,UTM,19N,NAD83,0.6,METER,4,CNIR,201807_MAINE_NAIP_0X6000M_UTM_CNIR,2018/10/16,"43°09'22.51""N","70°50'37.56""W","43°11'24.39""N","70°52'50.48""W","43°11'28.56""N","70°48'32.10""W","43°07'20.58""N","70°48'24.78""W","43°07'16.42""N","70°52'42.88""W",43.1562527,-70.8437666,43.1901083,-70.88068879999999,43.191266600000006,-70.8089166,43.12238320000001,-70.8068833,43.1212277,-70.8785777,M_4307050_SW_19_060_20181016,2836434
152,M_4307058_NW_19_060_20181016,ME,USDA,USDA-FSA-APFO,UTM,19N,NAD83,0.6,METER,4,CNIR,201807_MAINE_NAIP_0X6000M_UTM_CNIR,2018/10/16,"43°05'37.51""N","70°50'37.56""W","43°07'39.40""N","70°52'50.46""W","43°07'43.57""N","70°48'32.10""W","43°03'35.58""N","70°48'24.80""W","43°03'31.42""N","70°52'42.87""W",43.0937527,-70.8437666,43.127611,-70.8806832,43.128769299999995,-70.8089166,43.059883299999996,-70.8068888,43.0587277,-70.8785749,M_4307058_NW_19_060_20181016,2836435
153,M_4407001_SE_19_060_20181005,ME,USDA,USDA-FSA-APFO,UTM,19N,NAD83,0.6,METER,4,CNIR,201807_MAINE_NAIP_0X6000M_UTM_CNIR,2018/10/05,"44°54'23.41""N","70°54'21.65""W","44°56'26.15""N","70°56'34.81""W","44°56'30.46""N","70°52'16.75""W","44°52'20.62""N","70°52'08.65""W","44°52'16.32""N","70°56'26.40""W",44.9065027,-70.9060138,44.940597100000005,-70.9430027,44.9417944,-70.8713193,44.872394299999996,-70.86906929999999,44.8711999,-70.9406666,M_4407001_SE_19_060_20181005,2833682
154,M_4407001_SW_19_060_20181005,ME,USDA,USDA-FSA-APFO,UTM,19N,NAD83,0.6,METER,4,CNIR,201807_MAINE_NAIP_0X6000M_UTM_CNIR,2018/10/05,"44°54'23.41""N","70°58'06.66""W","44°56'26.13""N","71°00'21.88""W","44°56'30.65""N","70°55'59.97""W","44°52'20.64""N","70°55'51.59""W","44°52'16.13""N","71°00'13.19""W",44.9065027,-70.9685166,44.940591600000005,-71.0060777,44.941847100000004,-70.9333249,44.8723999,-70.93099709999998,44.8711471,-71.0036638,M_4407001_SW_19_060_20181005,2833683
155,M_4407002_NE_19_060_20181005,ME,USDA,USDA-FSA-APFO,UTM,19N,NAD83,0.6,METER,4,CNIR,201807_MAINE_NAIP_0X6000M_UTM_CNIR,2018/10/05,"44°58'08.41""N","70°46'51.64""W","45°00'09.38""N","70°49'04.22""W","45°00'13.40""N","70°44'46.69""W","44°56'07.39""N","70°44'39.22""W","44°56'03.38""N","70°48'56.45""W",44.9690027,-70.78101099999999,45.0026055,-70.81783879999999,45.0037222,-70.7463027,44.935386,-70.7442277,44.9342721,-70.8156805,M_4407002_NE_19_060_20181005,2833684
156,M_4407002_NW_19_060_20181005,ME,USDA,USDA-FSA-APFO,UTM,19N,NAD83,0.6,METER,4,CNIR,201807_MAINE_NAIP_0X6000M_UTM_CNIR,2018/10/05,"44°58'08.41""N","70°50'36.65""W","45°00'09.36""N","70°52'51.28""W","45°00'13.59""N","70°48'29.90""W","44°56'07.41""N","70°48'22.17""W","44°56'03.19""N","70°52'43.24""W",44.9690027,-70.8435138,45.0026,-70.880911,45.003775,-70.8083055,44.9353916,-70.80615829999999,44.934219399999996,-70.8786777,M_4407002_NW_19_060_20181005,2833685
157,M_4407002_SE_19_060_20181005,ME,USDA,USDA-FSA-APFO,UTM,19N,NAD83,0.6,METER,4,CNIR,201807_MAINE_NAIP_0X6000M_UTM_CNIR,2018/10/05,"44°54'23.41""N","70°46'51.65""W","44°56'26.18""N","70°49'04.31""W","44°56'30.20""N","70°44'46.70""W","44°52'20.59""N","70°44'39.15""W","44°52'16.58""N","70°48'56.45""W",44.9065027,-70.7810138,44.9406055,-70.8178638,44.9417221,-70.7463055,44.872386,-70.7442083,44.8712721,-70.8156805,M_4407002_SE_19_060_20181005,2833686
158,M_4407002_SW_19_060_20181005,ME,USDA,USDA-FSA-APFO,UTM,19N,NAD83,0.6,METER,4,CNIR,201807_MAINE_NAIP_0X6000M_UTM_CNIR,2018/10/05,"44°54'23.41""N","70°50'36.64""W","44°56'26.16""N","70°52'51.36""W","44°56'30.38""N","70°48'29.92""W","44°52'20.61""N","70°48'22.09""W","44°52'16.39""N","70°52'43.21""W",44.9065027,-70.84351099999999,44.9405999,-70.8809332,44.9417721,-70.8083111,44.8723916,-70.80613609999999,44.8712193,-70.8786693,M_4407002_SW_19_060_20181005,2833687
159,M_4407003_NE_19_060_20181005,ME,USDA,USDA-FSA-APFO,UTM,19N,NAD83,0.6,METER,4,CNIR,201807_MAINE_NAIP_0X6000M_UTM_CNIR,2018/10/05,"44°58'08.41""N","70°39'21.63""W","45°00'09.41""N","70°41'33.70""W","45°00'13.14""N","70°37'16.65""W","44°56'07.36""N","70°37'09.72""W","44°56'03.64""N","70°41'26.47""W",44.9690027,-70.6560083,45.0026138,-70.69269440000001,45.00365,-70.62129159999999,44.935377700000004,-70.61936659999999,44.93434439999999,-70.690686,M_4407003_NE_19_060_20181005,2833688
160,M_4407003_NW_19_060_20181005,ME,USDA,USDA-FSA-APFO,UTM,19N,NAD83,0.6,METER,4,CNIR,201807_MAINE_NAIP_0X6000M_UTM_CNIR,2018/10/05,"44°58'08.41""N","70°43'06.65""W","45°00'09.40""N","70°45'20.77""W","45°00'13.33""N","70°40'59.89""W","44°56'07.37""N","70°40'52.69""W","44°56'03.45""N","70°45'13.27""W",44.9690027,-70.7185138,45.0026111,-70.7557694,45.0037027,-70.6833027,44.9353805,-70.6813027,44.9342916,-70.7536861,M_4407003_NW_19_060_20181005,2833689
161,M_4407003_SE_19_060_20181005,ME,USDA,USDA-FSA-APFO,UTM,19N,NAD83,0.6,METER,4,CNIR,201807_MAINE_NAIP_0X6000M_UTM_CNIR,2018/10/05,"44°54'23.41""N","70°39'21.64""W","44°56'26.21""N","70°41'33.79""W","44°56'29.94""N","70°37'16.66""W","44°52'20.57""N","70°37'09.65""W","44°52'16.84""N","70°41'26.47""W",44.9065027,-70.65601109999999,44.940613799999994,-70.6927194,44.9416499,-70.6212943,44.8723804,-70.61934709999998,44.8713443,-70.690686,M_4407003_SE_19_060_20181005,2833690
162,M_4407003_SW_19_060_20181005,ME,USDA,USDA-FSA-APFO,UTM,19N,NAD83,0.6,METER,4,CNIR,201807_MAINE_NAIP_0X6000M_UTM_CNIR,2018/10/05,"44°54'23.41""N","70°43'06.65""W","44°56'26.20""N","70°45'20.86""W","44°56'30.13""N","70°40'59.87""W","44°52'20.57""N","70°40'52.59""W","44°52'16.65""N","70°45'13.26""W",44.9065027,-70.7185138,44.940611,-70.7557944,44.9417027,-70.68329709999999,44.8723804,-70.6812749,44.8712916,-70.75368329999999,M_4407003_SW_19_060_20181005,2833691
163,M_4407004_NE_19_060_20181005,ME,USDA,USDA-FSA-APFO,UTM,19N,NAD83,0.6,METER,4,CNIR,201807_MAINE_NAIP_0X6000M_UTM_CNIR,2018/10/05,"44°58'08.41""N","70°31'51.64""W","45°00'09.44""N","70°34'03.21""W","45°00'12.89""N","70°29'46.61""W","44°56'07.33""N","70°29'40.22""W","44°56'03.90""N","70°33'56.53""W",44.9690027,-70.53101099999999,45.0026222,-70.56755820000001,45.0035805,-70.49628050000001,44.9353694,-70.4945055,44.934416600000006,-70.5657027,M_4407004_NE_19_060_20181005,2833692
164,M_4407004_NW_19_060_20181005,ME,USDA,USDA-FSA-APFO,UTM,19N,NAD83,0.6,METER,4,CNIR,201807_MAINE_NAIP_0X6000M_UTM_CNIR,2018/10/05,"44°58'08.41""N","70°35'36.64""W","45°00'09.43""N","70°37'50.25""W","45°00'13.07""N","70°33'29.85""W","44°56'07.35""N","70°33'23.19""W","44°56'03.72""N","70°37'43.29""W",44.9690027,-70.59351099999999,45.00261939999999,-70.6306249,45.0036305,-70.55829159999999,44.9353749,-70.5564416,44.934366600000004,-70.6286916,M_4407004_NW_19_060_20181005,2833693
165,M_4407004_SE_19_060_20181005,ME,USDA,USDA-FSA-APFO,UTM,19N,NAD83,0.6,METER,4,CNIR,201807_MAINE_NAIP_0X6000M_UTM_CNIR,2018/10/05,"44°54'23.41""N","70°31'51.64""W","44°56'26.24""N","70°34'03.27""W","44°56'29.68""N","70°29'46.64""W","44°52'20.53""N","70°29'40.17""W","44°52'17.10""N","70°33'56.50""W",44.9065027,-70.53101099999999,44.9406221,-70.56757490000001,44.9415777,-70.49628879999999,44.872369299999995,-70.4944916,44.8714166,-70.5656944,M_4407004_SE_19_060_20181005,2833694
166,M_4407004_SW_19_060_20181005,ME,USDA,USDA-FSA-APFO,UTM,19N,NAD83,0.6,METER,4,CNIR,201807_MAINE_NAIP_0X6000M_UTM_CNIR,2018/10/05,"44°54'23.41""N","70°35'36.65""W","44°56'26.23""N","70°37'50.34""W","44°56'29.87""N","70°33'29.85""W","44°52'20.55""N","70°33'23.12""W","44°52'16.92""N","70°37'43.29""W",44.9065027,-70.5935138,44.940619399999996,-70.63064990000001,44.9416305,-70.55829159999999,44.872374900000004,-70.5564222,44.8713666,-70.6286916,M_4407004_SW_19_060_20181005,2833695
167,M_4407009_NE_19_060_20181005,ME,USDA,USDA-FSA-APFO,UTM,19N,NAD83,0.6,METER,4,CNIR,201807_MAINE_NAIP_0X6000M_UTM_CNIR,2018/10/05,"44°50'38.41""N","70°54'21.64""W","44°52'39.35""N","70°56'34.66""W","44°52'43.66""N","70°52'16.75""W","44°48'37.41""N","70°52'08.78""W","44°48'33.11""N","70°56'26.39""W",44.8440027,-70.90601109999999,44.8775971,-70.942961,44.878794299999996,-70.8713193,44.8103916,-70.8691054,44.8091972,-70.9406638,M_4407009_NE_19_060_20181005,2833712
168,M_4407009_NW_19_060_20181005,ME,USDA,USDA-FSA-APFO,UTM,19N,NAD83,0.6,METER,4,CNIR,201807_MAINE_NAIP_0X6000M_UTM_CNIR,2018/10/05,"44°50'38.41""N","70°58'06.64""W","44°52'39.34""N","71°00'21.70""W","44°52'43.85""N","70°55'59.97""W","44°48'37.43""N","70°55'51.73""W","44°48'32.93""N","71°00'13.15""W",44.8440027,-70.96851099999999,44.8775943,-71.0060277,44.8788471,-70.9333249,44.810397200000004,-70.93103599999999,44.8091472,-71.0036527,M_4407009_NW_19_060_20181005,2833713
169,M_4407009_SE_19_060_20181005,ME,USDA,USDA-FSA-APFO,UTM,19N,NAD83,0.6,METER,4,CNIR,201807_MAINE_NAIP_0X6000M_UTM_CNIR,2018/10/05,"44°46'53.41""N","70°54'21.65""W","44°48'56.15""N","70°56'34.76""W","44°49'00.46""N","70°52'16.77""W","44°44'50.63""N","70°52'08.70""W","44°44'46.33""N","70°56'26.38""W",44.7815027,-70.9060138,44.8155972,-70.9429888,44.8167943,-70.8713249,44.7473971,-70.8690832,44.7462027,-70.94066099999999,M_4407009_SE_19_060_20181005,2833714
170,M_4407009_SW_19_060_20181005,ME,USDA,USDA-FSA-APFO,UTM,19N,NAD83,0.6,METER,4,CNIR,201807_MAINE_NAIP_0X6000M_UTM_CNIR,2018/10/05,"44°46'53.40""N","70°58'06.64""W","44°48'56.13""N","71°00'21.80""W","44°49'00.65""N","70°55'59.99""W","44°44'50.63""N","70°55'51.65""W","44°44'46.12""N","71°00'13.14""W",44.7814999,-70.96851099999999,44.815591600000005,-71.0060555,44.816847100000004,-70.9333304,44.7473971,-70.93101379999999,44.7461444,-71.00365,M_4407009_SW_19_060_20181005,2833715
171,M_4407010_NE_19_060_20181005,ME,USDA,USDA-FSA-APFO,UTM,19N,NAD83,0.6,METER,4,CNIR,201807_MAINE_NAIP_0X6000M_UTM_CNIR,2018/10/05,"44°50'38.41""N","70°46'51.66""W","44°52'39.39""N","70°49'04.17""W","44°52'43.40""N","70°44'46.73""W","44°48'37.39""N","70°44'39.30""W","44°48'33.38""N","70°48'56.43""W",44.8440027,-70.7810166,44.877608200000005,-70.8178249,44.878722100000005,-70.7463138,44.8103861,-70.7442499,44.8092722,-70.815675,M_4407010_NE_19_060_20181005,2833716
172,M_4407010_NW_19_060_20181005,ME,USDA,USDA-FSA-APFO,UTM,19N,NAD83,0.6,METER,4,CNIR,201807_MAINE_NAIP_0X6000M_UTM_CNIR,2018/10/05,"44°50'38.41""N","70°50'36.65""W","44°52'39.36""N","70°52'51.21""W","44°52'43.58""N","70°48'29.95""W","44°48'37.40""N","70°48'22.25""W","44°48'33.19""N","70°52'43.20""W",44.8440027,-70.8435138,44.8775999,-70.8808916,44.8787721,-70.8083194,44.8103888,-70.80618050000001,44.809219399999996,-70.8786666,M_4407010_NW_19_060_20181005,2833717
173,M_4407010_SE_19_060_20181005,ME,USDA,USDA-FSA-APFO,UTM,19N,NAD83,0.6,METER,4,CNIR,201807_MAINE_NAIP_0X6000M_UTM_CNIR,2018/10/05,"44°46'53.40""N","70°46'51.65""W","44°48'56.18""N","70°49'04.25""W","44°49'00.20""N","70°44'46.73""W","44°44'50.58""N","70°44'39.21""W","44°44'46.57""N","70°48'56.42""W",44.7814999,-70.7810138,44.8156055,-70.8178471,44.8167221,-70.7463138,44.747383299999996,-70.7442249,44.746269399999996,-70.81567220000001,M_4407010_SE_19_060_20181005,2833718
174,M_4407010_SW_19_060_20181005,ME,USDA,USDA-FSA-APFO,UTM,19N,NAD83,0.6,METER,4,CNIR,201807_MAINE_NAIP_0X6000M_UTM_CNIR,2018/10/05,"44°46'53.40""N","70°50'36.65""W","44°48'56.16""N","70°52'51.29""W","44°49'00.38""N","70°48'29.96""W","44°44'50.60""N","70°48'22.17""W","44°44'46.39""N","70°52'43.19""W",44.7814999,-70.8435138,44.8156,-70.88091379999999,44.8167721,-70.8083222,44.747388799999996,-70.80615829999999,44.746219399999994,-70.8786638,M_4407010_SW_19_060_20181005,2833719
175,M_4407011_NE_19_060_20181005,ME,USDA,USDA-FSA-APFO,UTM,19N,NAD83,0.6,METER,4,CNIR,201807_MAINE_NAIP_0X6000M_UTM_CNIR,2018/10/05,"44°50'38.41""N","70°39'21.64""W","44°52'39.41""N","70°41'33.64""W","44°52'43.14""N","70°37'16.68""W","44°48'37.36""N","70°37'09.79""W","44°48'33.64""N","70°41'26.45""W",44.8440027,-70.65601109999999,44.8776138,-70.6926777,44.8786499,-70.62129990000001,44.810377700000004,-70.61938599999999,44.80934439999999,-70.6906805,M_4407011_NE_19_060_20181005,2833720
176,M_4407011_NW_19_060_20181005,ME,USDA,USDA-FSA-APFO,UTM,19N,NAD83,0.6,METER,4,CNIR,201807_MAINE_NAIP_0X6000M_UTM_CNIR,2018/10/05,"44°50'38.41""N","70°43'06.65""W","44°52'39.40""N","70°45'20.71""W","44°52'43.33""N","70°40'59.90""W","44°48'37.36""N","70°40'52.74""W","44°48'33.44""N","70°45'13.24""W",44.8440027,-70.7185138,44.877611,-70.7557527,44.8787027,-70.6833054,44.810377700000004,-70.6813166,44.8092888,-70.7536777,M_4407011_NW_19_060_20181005,2833721
177,M_4407011_SE_19_060_20181005,ME,USDA,USDA-FSA-APFO,UTM,19N,NAD83,0.6,METER,4,CNIR,201807_MAINE_NAIP_0X6000M_UTM_CNIR,2018/10/05,"44°46'53.40""N","70°39'21.65""W","44°48'56.20""N","70°41'33.72""W","44°48'59.93""N","70°37'16.70""W","44°44'50.55""N","70°37'09.73""W","44°44'46.83""N","70°41'26.44""W",44.7814999,-70.6560138,44.815611100000005,-70.69269990000001,44.8166472,-70.6213054,44.747374900000004,-70.6193693,44.7463416,-70.6906777,M_4407011_SE_19_060_20181005,2833722
178,M_4407011_SW_19_060_20181005,ME,USDA,USDA-FSA-APFO,UTM,19N,NAD83,0.6,METER,4,CNIR,201807_MAINE_NAIP_0X6000M_UTM_CNIR,2018/10/05,"44°46'53.41""N","70°43'06.64""W","44°48'56.20""N","70°45'20.79""W","44°49'00.13""N","70°40'59.90""W","44°44'50.58""N","70°40'52.66""W","44°44'46.66""N","70°45'13.23""W",44.7815027,-70.71851099999999,44.815611100000005,-70.755775,44.8167027,-70.6833054,44.747383299999996,-70.68129429999999,44.7462944,-70.753675,M_4407011_SW_19_060_20181005,2833723
179,M_4407012_NE_19_060_20181005,ME,USDA,USDA-FSA-APFO,UTM,19N,NAD83,0.6,METER,4,CNIR,201807_MAINE_NAIP_0X6000M_UTM_CNIR,2018/10/05,"44°50'38.41""N","70°31'51.64""W","44°52'39.44""N","70°34'03.15""W","44°52'42.89""N","70°29'46.63""W","44°48'37.32""N","70°29'40.28""W","44°48'33.89""N","70°33'56.49""W",44.8440027,-70.53101099999999,44.8776221,-70.5675416,44.8785804,-70.496286,44.8103666,-70.49452209999998,44.809413799999994,-70.5656916,M_4407012_NE_19_060_20181005,2833724
180,M_4407012_NW_19_060_20181005,ME,USDA,USDA-FSA-APFO,UTM,19N,NAD83,0.6,METER,4,CNIR,201807_MAINE_NAIP_0X6000M_UTM_CNIR,2018/10/05,"44°50'38.41""N","70°35'36.64""W","44°52'39.43""N","70°37'50.21""W","44°52'43.07""N","70°33'29.85""W","44°48'37.34""N","70°33'23.23""W","44°48'33.71""N","70°37'43.29""W",44.8440027,-70.59351099999999,44.8776193,-70.63061379999999,44.8786304,-70.55829159999999,44.8103722,-70.5564527,44.8093638,-70.6286916,M_4407012_NW_19_060_20181005,2833725
181,M_4407012_SW_19_060_20181005,ME,USDA,USDA-FSA-APFO,UTM,19N,NAD83,0.6,METER,4,CNIR,201807_MAINE_NAIP_0X6000M_UTM_CNIR,2018/10/05,"44°46'53.40""N","70°35'36.65""W","44°48'56.23""N","70°37'50.28""W","44°48'59.86""N","70°33'29.87""W","44°44'50.54""N","70°33'23.17""W","44°44'46.91""N","70°37'43.27""W",44.7814999,-70.5935138,44.815619399999996,-70.6306332,44.8166277,-70.55829720000001,44.7473721,-70.55643609999998,44.7463638,-70.628686,M_4407012_SW_19_060_20181005,2833727
182,M_4407017_NE_19_060_20181005,ME,USDA,USDA-FSA-APFO,UTM,19N,NAD83,0.6,METER,4,CNIR,201807_MAINE_NAIP_0X6000M_UTM_CNIR,2018/10/05,"44°43'08.40""N","70°54'21.64""W","44°45'09.35""N","70°56'34.60""W","44°45'13.65""N","70°52'16.78""W","44°41'07.42""N","70°52'08.84""W","44°41'03.12""N","70°56'26.36""W",44.7189999,-70.90601109999999,44.752597200000004,-70.9429444,44.7537916,-70.8713277,44.68539439999999,-70.86912209999998,44.6841999,-70.9406555,M_4407017_NE_19_060_20181005,2833744
183,M_4407017_NW_19_060_20181005,ME,USDA,USDA-FSA-APFO,UTM,19N,NAD83,0.6,METER,4,CNIR,201807_MAINE_NAIP_0X6000M_UTM_CNIR,2018/10/05,"44°43'08.41""N","70°58'06.64""W","44°45'09.33""N","71°00'21.64""W","44°45'13.84""N","70°56'00.01""W","44°41'07.44""N","70°55'51.81""W","44°41'02.93""N","71°00'13.13""W",44.7190027,-70.96851099999999,44.7525916,-71.0060111,44.7538444,-70.933336,44.6853999,-70.93105820000001,44.684147100000004,-71.0036472,M_4407017_NW_19_060_20181005,2833745
184,M_4407017_SE_19_060_20181005,ME,USDA,USDA-FSA-APFO,UTM,19N,NAD83,0.6,METER,4,CNIR,201807_MAINE_NAIP_0X6000M_UTM_CNIR,2018/10/05,"44°39'23.40""N","70°54'21.65""W","44°41'26.16""N","70°56'34.68""W","44°41'30.46""N","70°52'16.81""W","44°37'20.61""N","70°52'08.78""W","44°37'16.31""N","70°56'26.34""W",44.6565,-70.9060138,44.6905999,-70.94296659999999,44.6917944,-70.871336,44.6223916,-70.8691054,44.6211971,-70.94064990000001,M_4407017_SE_19_060_20181005,2833746
185,M_4407017_SW_19_060_20181005,ME,USDA,USDA-FSA-APFO,UTM,19N,NAD83,0.6,METER,4,CNIR,201807_MAINE_NAIP_0X6000M_UTM_CNIR,2018/10/05,"44°39'23.41""N","70°58'06.65""W","44°41'26.14""N","71°00'21.75""W","44°41'30.65""N","70°56'00.02""W","44°37'20.63""N","70°55'51.71""W","44°37'16.13""N","71°00'13.13""W",44.6565027,-70.9685138,44.690594399999995,-71.0060416,44.691847100000004,-70.93333879999999,44.6223971,-70.9310304,44.6211471,-71.0036472,M_4407017_SW_19_060_20181005,2833748
186,M_4407018_NE_19_060_20181005,ME,USDA,USDA-FSA-APFO,UTM,19N,NAD83,0.6,METER,4,CNIR,201807_MAINE_NAIP_0X6000M_UTM_CNIR,2018/10/05,"44°43'08.41""N","70°46'51.65""W","44°45'09.38""N","70°49'04.09""W","44°45'13.39""N","70°44'46.75""W","44°41'07.39""N","70°44'39.35""W","44°41'03.38""N","70°48'56.39""W",44.7190027,-70.7810138,44.7526055,-70.8178027,44.753719399999994,-70.7463194,44.685386,-70.7442638,44.6842721,-70.8156638,M_4407018_NE_19_060_20181005,2833747
187,M_4407018_NW_19_060_20181005,ME,USDA,USDA-FSA-APFO,UTM,19N,NAD83,0.6,METER,4,CNIR,201807_MAINE_NAIP_0X6000M_UTM_CNIR,2018/10/05,"44°43'08.41""N","70°50'36.66""W","44°45'09.37""N","70°52'51.16""W","44°45'13.59""N","70°48'29.98""W","44°41'07.41""N","70°48'22.31""W","44°41'03.20""N","70°52'43.19""W",44.7190027,-70.8435166,44.7526027,-70.8808777,44.753775,-70.8083277,44.6853916,-70.8061972,44.6842221,-70.8786638,M_4407018_NW_19_060_20181005,2833749
188,M_4407018_SE_19_060_20181005,ME,USDA,USDA-FSA-APFO,UTM,19N,NAD83,0.6,METER,4,CNIR,201807_MAINE_NAIP_0X6000M_UTM_CNIR,2018/10/05,"44°39'23.41""N","70°46'51.64""W","44°41'26.19""N","70°49'04.17""W","44°41'30.20""N","70°44'46.77""W","44°37'20.58""N","70°44'39.28""W","44°37'16.58""N","70°48'56.37""W",44.6565027,-70.78101099999999,44.6906083,-70.8178249,44.6917221,-70.7463249,44.62238320000001,-70.7442444,44.6212721,-70.8156583,M_4407018_SE_19_060_20181005,2833750
189,M_4407018_SW_19_060_20181005,ME,USDA,USDA-FSA-APFO,UTM,19N,NAD83,0.6,METER,4,CNIR,201807_MAINE_NAIP_0X6000M_UTM_CNIR,2018/10/05,"44°39'23.40""N","70°50'36.65""W","44°41'26.16""N","70°52'51.24""W","44°41'30.39""N","70°48'29.98""W","44°37'20.60""N","70°48'22.22""W","44°37'16.39""N","70°52'43.16""W",44.6565,-70.8435138,44.6905999,-70.8808999,44.6917749,-70.8083277,44.622388799999996,-70.8061722,44.6212193,-70.8786554,M_4407018_SW_19_060_20181005,2833751
190,M_4407019_NE_19_060_20181005,ME,USDA,USDA-FSA-APFO,UTM,19N,NAD83,0.6,METER,4,CNIR,201807_MAINE_NAIP_0X6000M_UTM_CNIR,2018/10/05,"44°43'08.41""N","70°39'21.65""W","44°45'09.42""N","70°41'33.59""W","44°45'13.15""N","70°37'16.72""W","44°41'07.36""N","70°37'09.85""W","44°41'03.64""N","70°41'26.43""W",44.7190027,-70.6560138,44.7526166,-70.69266379999999,44.7536527,-70.62131099999999,44.685377700000004,-70.6194027,44.68434439999999,-70.6906749,M_4407019_NE_19_060_20181005,2833752
191,M_4407019_NW_19_060_20181005,ME,USDA,USDA-FSA-APFO,UTM,19N,NAD83,0.6,METER,4,CNIR,201807_MAINE_NAIP_0X6000M_UTM_CNIR,2018/10/05,"44°43'08.40""N","70°43'06.64""W","44°45'09.39""N","70°45'20.66""W","44°45'13.32""N","70°40'59.92""W","44°41'07.37""N","70°40'52.79""W","44°41'03.45""N","70°45'13.22""W",44.7189999,-70.71851099999999,44.7526083,-70.75573879999999,44.7537,-70.683311,44.6853805,-70.68133040000001,44.6842916,-70.75367220000001,M_4407019_NW_19_060_20181005,2833753
192,M_4407019_SE_19_060_20181005,ME,USDA,USDA-FSA-APFO,UTM,19N,NAD83,0.6,METER,4,CNIR,201807_MAINE_NAIP_0X6000M_UTM_CNIR,2018/10/05,"44°39'23.40""N","70°39'21.65""W","44°41'26.21""N","70°41'33.68""W","44°41'29.94""N","70°37'16.73""W","44°37'20.55""N","70°37'09.78""W","44°37'16.83""N","70°41'26.43""W",44.6565,-70.6560138,44.690613799999994,-70.69268879999998,44.6916499,-70.6213138,44.622374900000004,-70.6193832,44.6213416,-70.6906749,M_4407019_SE_19_060_20181005,2833754
193,M_4407019_SW_19_060_20181005,ME,USDA,USDA-FSA-APFO,UTM,19N,NAD83,0.6,METER,4,CNIR,201807_MAINE_NAIP_0X6000M_UTM_CNIR,2018/10/05,"44°39'23.41""N","70°43'06.64""W","44°41'26.20""N","70°45'20.72""W","44°41'30.13""N","70°40'59.94""W","44°37'20.58""N","70°40'52.72""W","44°37'16.66""N","70°45'13.19""W",44.6565027,-70.71851099999999,44.690611,-70.7557555,44.6917027,-70.6833166,44.62238320000001,-70.681311,44.621294299999995,-70.7536638,M_4407019_SW_19_060_20181005,2833755
194,M_4407020_NE_19_060_20181005,ME,USDA,USDA-FSA-APFO,UTM,19N,NAD83,0.6,METER,4,CNIR,201807_MAINE_NAIP_0X6000M_UTM_CNIR,2018/10/05,"44°43'08.40""N","70°31'51.64""W","44°45'09.43""N","70°34'03.08""W","44°45'12.87""N","70°29'46.69""W","44°41'07.33""N","70°29'40.36""W","44°41'03.90""N","70°33'56.46""W",44.7189999,-70.53101099999999,44.75261939999999,-70.56752209999999,44.753575,-70.4963027,44.6853694,-70.4945444,44.684416600000006,-70.5656833,M_4407020_NE_19_060_20181005,2833756
195,M_4407020_NW_19_060_20181005,ME,USDA,USDA-FSA-APFO,UTM,19N,NAD83,0.6,METER,4,CNIR,201807_MAINE_NAIP_0X6000M_UTM_CNIR,2018/10/05,"44°43'08.41""N","70°35'36.64""W","44°45'09.42""N","70°37'50.15""W","44°45'13.06""N","70°33'29.89""W","44°41'07.34""N","70°33'23.29""W","44°41'03.72""N","70°37'43.25""W",44.7190027,-70.59351099999999,44.7526166,-70.63059709999999,44.7536277,-70.5583027,44.6853721,-70.5564694,44.684366600000004,-70.62868040000001,M_4407020_NW_19_060_20181005,2833757
196,M_4407020_SE_19_060_20181005,ME,USDA,USDA-FSA-APFO,UTM,19N,NAD83,0.6,METER,4,CNIR,201807_MAINE_NAIP_0X6000M_UTM_CNIR,2018/10/05,"44°39'23.40""N","70°31'51.64""W","44°41'26.24""N","70°34'03.16""W","44°41'29.68""N","70°29'46.69""W","44°37'20.52""N","70°29'40.28""W","44°37'17.09""N","70°33'56.45""W",44.6565,-70.53101099999999,44.6906221,-70.5675443,44.6915777,-70.4963027,44.6223666,-70.49452209999998,44.6214138,-70.5656805,M_4407020_SE_19_060_20181005,2833758
197,M_4407020_SW_19_060_20181005,ME,USDA,USDA-FSA-APFO,UTM,19N,NAD83,0.6,METER,4,CNIR,201807_MAINE_NAIP_0X6000M_UTM_CNIR,2018/10/05,"44°39'23.41""N","70°35'36.63""W","44°41'26.23""N","70°37'50.21""W","44°41'29.87""N","70°33'29.90""W","44°37'20.54""N","70°33'23.22""W","44°37'16.91""N","70°37'43.22""W",44.6565027,-70.5935083,44.690619399999996,-70.63061379999999,44.6916305,-70.5583055,44.6223721,-70.55645,44.6213638,-70.62867209999999,M_4407020_SW_19_060_20181005,2833759
198,M_4407025_NE_19_060_20181005,ME,USDA,USDA-FSA-APFO,UTM,19N,NAD83,0.6,METER,4,CNIR,201807_MAINE_NAIP_0X6000M_UTM_CNIR,2018/10/05,"44°35'38.40""N","70°54'21.65""W","44°37'39.35""N","70°56'34.54""W","44°37'43.65""N","70°52'16.81""W","44°33'37.41""N","70°52'08.91""W","44°33'33.12""N","70°56'26.34""W",44.5939999,-70.9060138,44.6275971,-70.9429277,44.6287916,-70.871336,44.5603916,-70.86914159999999,44.5592,-70.94064990000001,M_4407025_NE_19_060_20181005,2833776
199,M_4407025_NW_19_060_20181005,ME,USDA,USDA-FSA-APFO,UTM,19N,NAD83,0.6,METER,4,CNIR,201807_MAINE_NAIP_0X6000M_UTM_CNIR,2018/10/05,"44°35'38.41""N","70°58'06.64""W","44°37'39.33""N","71°00'21.58""W","44°37'43.84""N","70°56'00.03""W","44°33'37.43""N","70°55'51.86""W","44°33'32.93""N","71°00'13.11""W",44.5940027,-70.96851099999999,44.6275916,-71.0059944,44.6288443,-70.93334159999999,44.560397200000004,-70.9310721,44.5591472,-71.0036416,M_4407025_NW_19_060_20181005,2833777
200,M_4407025_SE_19_060_20181005,ME,USDA,USDA-FSA-APFO,UTM,19N,NAD83,0.6,METER,4,CNIR,201807_MAINE_NAIP_0X6000M_UTM_CNIR,2018/10/05,"44°31'53.41""N","70°54'21.65""W","44°33'56.15""N","70°56'34.61""W","44°34'00.46""N","70°52'16.83""W","44°29'50.62""N","70°52'08.83""W","44°29'46.32""N","70°56'26.31""W",44.5315027,-70.9060138,44.5655972,-70.94294709999998,44.5667943,-70.8713416,44.4973944,-70.8691193,44.4961999,-70.94064159999999,M_4407025_SE_19_060_20181005,2833778
